study,policy,precision_a,precision_b,gain_precision_a,gain_precision_b,inflation,scaled_inflation
Frangieh,diversity,0.30839111869552405,0.21156784575200152,-0.025874321752559604,-0.036909965800115165,0.011035644047555566,0.028764507285873223
Frangieh,extra_trees,0.3295723694664893,0.2444297388710321,-0.004693070981594333,-0.004048072681084594,-0.00064499830050974,-0.020380374591604092
Frangieh,fixed_ridge,0.32568363409732287,0.2384254478601236,-0.008581806350760784,-0.010052363691993112,0.0014705573412323275,-0.01270617790151952
Frangieh,gated_random,0.33487704147564235,0.24687398831849575,0.0006116010275586747,-0.0016038232336209272,0.002215424261179602,0.0015549235793292646
Frangieh,greedy_ridge,0.32391535622770257,0.23879615758988038,-0.010350084220381063,-0.009681653962236305,-0.0006684302581447575,-0.022759889679246168
Frangieh,linear_ucb,0.318823564900328,0.23079648725328436,-0.015441875547755678,-0.017681324298832336,0.002239448751076659,-0.012941625549336566
Frangieh,old_controller,0.30952474064593555,0.21091078133997399,-0.02474069980214809,-0.037567030212142714,0.012826330409994622,0.02922282526044797
Frangieh,random,0.33426544044808365,0.24847781155211668,0.0,0.0,0.0,0.0
Papalexi,diversity,0.33518518518518514,0.36481481481481476,0.08703703703703704,0.10370370370370371,-0.016666666666666666,-0.09271092621678127
Papalexi,extra_trees,0.21296296296296294,0.20185185185185184,-0.03518518518518518,-0.05925925925925927,0.024074074074074078,0.006839616468520823
Papalexi,fixed_ridge,0.28703703703703703,0.27777777777777773,0.038888888888888896,0.016666666666666663,0.022222222222222227,0.0031349061913870115
Papalexi,gated_random,0.2481481481481481,0.26111111111111107,0.0,0.0,0.0,0.0
Papalexi,greedy_ridge,0.28703703703703703,0.27777777777777773,0.038888888888888896,0.016666666666666663,0.022222222222222227,0.0031349061913870115
Papalexi,linear_ucb,0.32407407407407407,0.3074074074074074,0.07592592592592594,0.0462962962962963,0.029629629629629634,-0.0332307411117546
Papalexi,old_controller,0.33518518518518514,0.36481481481481476,0.08703703703703704,0.10370370370370371,-0.016666666666666666,-0.09271092621678127
Papalexi,random,0.2481481481481481,0.26111111111111107,0.0,0.0,0.0,0.0
