task,study,seed,policy,a,b,budget
Frangieh_Coculture_IFNG,Frangieh,0,random,0.21951219512195122,0.17073170731707318,41
Frangieh_Coculture_IFNG,Frangieh,0,geneformer_updating,0.2926829268292683,0.2682926829268293,41
Frangieh_Coculture_IFNG,Frangieh,0,scgpt_updating,0.21951219512195122,0.14634146341463414,41
Frangieh_Coculture_IFNG,Frangieh,1,random,0.3902439024390244,0.36585365853658536,41
Frangieh_Coculture_IFNG,Frangieh,1,geneformer_updating,0.3902439024390244,0.24390243902439024,41
Frangieh_Coculture_IFNG,Frangieh,1,scgpt_updating,0.43902439024390244,0.2682926829268293,41
Frangieh_Coculture_IFNG,Frangieh,2,random,0.43902439024390244,0.2926829268292683,41
Frangieh_Coculture_IFNG,Frangieh,2,geneformer_updating,0.2926829268292683,0.2682926829268293,41
Frangieh_Coculture_IFNG,Frangieh,2,scgpt_updating,0.36585365853658536,0.2682926829268293,41
Frangieh_Coculture_IFNG,Frangieh,3,random,0.3170731707317073,0.14634146341463414,41
Frangieh_Coculture_IFNG,Frangieh,3,geneformer_updating,0.4878048780487805,0.24390243902439024,41
Frangieh_Coculture_IFNG,Frangieh,3,scgpt_updating,0.3902439024390244,0.2682926829268293,41
Frangieh_Coculture_IFNG,Frangieh,4,random,0.2682926829268293,0.24390243902439024,41
Frangieh_Coculture_IFNG,Frangieh,4,geneformer_updating,0.36585365853658536,0.34146341463414637,41
Frangieh_Coculture_IFNG,Frangieh,4,scgpt_updating,0.2682926829268293,0.2926829268292683,41
Frangieh_Coculture_IFNG,Frangieh,5,random,0.36585365853658536,0.2926829268292683,41
Frangieh_Coculture_IFNG,Frangieh,5,geneformer_updating,0.34146341463414637,0.21951219512195122,41
Frangieh_Coculture_IFNG,Frangieh,5,scgpt_updating,0.2926829268292683,0.24390243902439024,41
Frangieh_Coculture_IFNG,Frangieh,6,random,0.2682926829268293,0.17073170731707318,41
Frangieh_Coculture_IFNG,Frangieh,6,geneformer_updating,0.3170731707317073,0.2926829268292683,41
Frangieh_Coculture_IFNG,Frangieh,6,scgpt_updating,0.3170731707317073,0.3170731707317073,41
Frangieh_Coculture_IFNG,Frangieh,7,random,0.2682926829268293,0.2926829268292683,41
Frangieh_Coculture_IFNG,Frangieh,7,geneformer_updating,0.24390243902439024,0.2682926829268293,41
Frangieh_Coculture_IFNG,Frangieh,7,scgpt_updating,0.24390243902439024,0.21951219512195122,41
Frangieh_Coculture_IFNG,Frangieh,8,random,0.34146341463414637,0.34146341463414637,41
Frangieh_Coculture_IFNG,Frangieh,8,geneformer_updating,0.34146341463414637,0.2682926829268293,41
Frangieh_Coculture_IFNG,Frangieh,8,scgpt_updating,0.36585365853658536,0.4146341463414634,41
Frangieh_Coculture_IFNG,Frangieh,9,random,0.34146341463414637,0.36585365853658536,41
Frangieh_Coculture_IFNG,Frangieh,9,geneformer_updating,0.3902439024390244,0.3170731707317073,41
Frangieh_Coculture_IFNG,Frangieh,9,scgpt_updating,0.2682926829268293,0.24390243902439024,41
Frangieh_Coculture_IFNG,Frangieh,10,random,0.3170731707317073,0.3170731707317073,41
Frangieh_Coculture_IFNG,Frangieh,10,geneformer_updating,0.3902439024390244,0.2682926829268293,41
Frangieh_Coculture_IFNG,Frangieh,10,scgpt_updating,0.34146341463414637,0.34146341463414637,41
Frangieh_Coculture_IFNG,Frangieh,11,random,0.36585365853658536,0.2926829268292683,41
Frangieh_Coculture_IFNG,Frangieh,11,geneformer_updating,0.3170731707317073,0.24390243902439024,41
Frangieh_Coculture_IFNG,Frangieh,11,scgpt_updating,0.3170731707317073,0.34146341463414637,41
Frangieh_Coculture_IFNG,Frangieh,12,random,0.3902439024390244,0.2926829268292683,41
Frangieh_Coculture_IFNG,Frangieh,12,geneformer_updating,0.2682926829268293,0.21951219512195122,41
Frangieh_Coculture_IFNG,Frangieh,12,scgpt_updating,0.34146341463414637,0.34146341463414637,41
Frangieh_Coculture_IFNG,Frangieh,13,random,0.3170731707317073,0.21951219512195122,41
Frangieh_Coculture_IFNG,Frangieh,13,geneformer_updating,0.3170731707317073,0.24390243902439024,41
Frangieh_Coculture_IFNG,Frangieh,13,scgpt_updating,0.34146341463414637,0.24390243902439024,41
Frangieh_Coculture_IFNG,Frangieh,14,random,0.3170731707317073,0.2926829268292683,41
Frangieh_Coculture_IFNG,Frangieh,14,geneformer_updating,0.3902439024390244,0.2682926829268293,41
Frangieh_Coculture_IFNG,Frangieh,14,scgpt_updating,0.3170731707317073,0.3170731707317073,41
Frangieh_Coculture_IFNG,Frangieh,15,random,0.34146341463414637,0.2682926829268293,41
Frangieh_Coculture_IFNG,Frangieh,15,geneformer_updating,0.36585365853658536,0.1951219512195122,41
Frangieh_Coculture_IFNG,Frangieh,15,scgpt_updating,0.3170731707317073,0.34146341463414637,41
Frangieh_Coculture_IFNG,Frangieh,16,random,0.2926829268292683,0.36585365853658536,41
Frangieh_Coculture_IFNG,Frangieh,16,geneformer_updating,0.3170731707317073,0.2926829268292683,41
Frangieh_Coculture_IFNG,Frangieh,16,scgpt_updating,0.4146341463414634,0.24390243902439024,41
Frangieh_Coculture_IFNG,Frangieh,17,random,0.4634146341463415,0.36585365853658536,41
Frangieh_Coculture_IFNG,Frangieh,17,geneformer_updating,0.34146341463414637,0.2926829268292683,41
Frangieh_Coculture_IFNG,Frangieh,17,scgpt_updating,0.2926829268292683,0.36585365853658536,41
Frangieh_Coculture_IFNG,Frangieh,18,random,0.36585365853658536,0.2682926829268293,41
Frangieh_Coculture_IFNG,Frangieh,18,geneformer_updating,0.34146341463414637,0.1951219512195122,41
Frangieh_Coculture_IFNG,Frangieh,18,scgpt_updating,0.4146341463414634,0.3170731707317073,41
Frangieh_Coculture_IFNG,Frangieh,19,random,0.3170731707317073,0.2926829268292683,41
Frangieh_Coculture_IFNG,Frangieh,19,geneformer_updating,0.2926829268292683,0.2926829268292683,41
Frangieh_Coculture_IFNG,Frangieh,19,scgpt_updating,0.34146341463414637,0.36585365853658536,41
Frangieh_Coculture_IFNG,Frangieh,20,random,0.36585365853658536,0.24390243902439024,41
Frangieh_Coculture_IFNG,Frangieh,20,geneformer_updating,0.36585365853658536,0.3170731707317073,41
Frangieh_Coculture_IFNG,Frangieh,20,scgpt_updating,0.36585365853658536,0.3902439024390244,41
Frangieh_Coculture_IFNG,Frangieh,21,random,0.3170731707317073,0.3170731707317073,41
Frangieh_Coculture_IFNG,Frangieh,21,geneformer_updating,0.34146341463414637,0.21951219512195122,41
Frangieh_Coculture_IFNG,Frangieh,21,scgpt_updating,0.43902439024390244,0.2926829268292683,41
Frangieh_Coculture_IFNG,Frangieh,22,random,0.2682926829268293,0.3170731707317073,41
Frangieh_Coculture_IFNG,Frangieh,22,geneformer_updating,0.4146341463414634,0.3170731707317073,41
Frangieh_Coculture_IFNG,Frangieh,22,scgpt_updating,0.36585365853658536,0.2926829268292683,41
Frangieh_Coculture_IFNG,Frangieh,23,random,0.34146341463414637,0.43902439024390244,41
Frangieh_Coculture_IFNG,Frangieh,23,geneformer_updating,0.2682926829268293,0.24390243902439024,41
Frangieh_Coculture_IFNG,Frangieh,23,scgpt_updating,0.2682926829268293,0.34146341463414637,41
Frangieh_Coculture_IFNG,Frangieh,24,random,0.4146341463414634,0.24390243902439024,41
Frangieh_Coculture_IFNG,Frangieh,24,geneformer_updating,0.34146341463414637,0.2682926829268293,41
Frangieh_Coculture_IFNG,Frangieh,24,scgpt_updating,0.4146341463414634,0.24390243902439024,41
Frangieh_Coculture_IFNG,Frangieh,25,random,0.3170731707317073,0.36585365853658536,41
Frangieh_Coculture_IFNG,Frangieh,25,geneformer_updating,0.21951219512195122,0.2926829268292683,41
Frangieh_Coculture_IFNG,Frangieh,25,scgpt_updating,0.34146341463414637,0.3170731707317073,41
Frangieh_Coculture_IFNG,Frangieh,26,random,0.34146341463414637,0.2682926829268293,41
Frangieh_Coculture_IFNG,Frangieh,26,geneformer_updating,0.1951219512195122,0.2682926829268293,41
Frangieh_Coculture_IFNG,Frangieh,26,scgpt_updating,0.36585365853658536,0.3902439024390244,41
Frangieh_Coculture_IFNG,Frangieh,27,random,0.34146341463414637,0.1951219512195122,41
Frangieh_Coculture_IFNG,Frangieh,27,geneformer_updating,0.36585365853658536,0.2926829268292683,41
Frangieh_Coculture_IFNG,Frangieh,27,scgpt_updating,0.3902439024390244,0.2682926829268293,41
Frangieh_Coculture_IFNG,Frangieh,28,random,0.2682926829268293,0.2682926829268293,41
Frangieh_Coculture_IFNG,Frangieh,28,geneformer_updating,0.3170731707317073,0.12195121951219512,41
Frangieh_Coculture_IFNG,Frangieh,28,scgpt_updating,0.34146341463414637,0.24390243902439024,41
Frangieh_Coculture_IFNG,Frangieh,29,random,0.2926829268292683,0.24390243902439024,41
Frangieh_Coculture_IFNG,Frangieh,29,geneformer_updating,0.24390243902439024,0.24390243902439024,41
Frangieh_Coculture_IFNG,Frangieh,29,scgpt_updating,0.24390243902439024,0.2682926829268293,41
Frangieh_Coculture_TNFA,Frangieh,0,random,0.07317073170731707,0.14634146341463414,41
Frangieh_Coculture_TNFA,Frangieh,0,geneformer_updating,0.1951219512195122,0.21951219512195122,41
Frangieh_Coculture_TNFA,Frangieh,0,scgpt_updating,0.17073170731707318,0.24390243902439024,41
Frangieh_Coculture_TNFA,Frangieh,1,random,0.0975609756097561,0.3170731707317073,41
Frangieh_Coculture_TNFA,Frangieh,1,geneformer_updating,0.14634146341463414,0.2682926829268293,41
Frangieh_Coculture_TNFA,Frangieh,1,scgpt_updating,0.0975609756097561,0.24390243902439024,41
Frangieh_Coculture_TNFA,Frangieh,2,random,0.24390243902439024,0.17073170731707318,41
Frangieh_Coculture_TNFA,Frangieh,2,geneformer_updating,0.24390243902439024,0.17073170731707318,41
Frangieh_Coculture_TNFA,Frangieh,2,scgpt_updating,0.14634146341463414,0.1951219512195122,41
Frangieh_Coculture_TNFA,Frangieh,3,random,0.21951219512195122,0.1951219512195122,41
Frangieh_Coculture_TNFA,Frangieh,3,geneformer_updating,0.14634146341463414,0.17073170731707318,41
Frangieh_Coculture_TNFA,Frangieh,3,scgpt_updating,0.12195121951219512,0.14634146341463414,41
Frangieh_Coculture_TNFA,Frangieh,4,random,0.17073170731707318,0.24390243902439024,41
Frangieh_Coculture_TNFA,Frangieh,4,geneformer_updating,0.17073170731707318,0.21951219512195122,41
Frangieh_Coculture_TNFA,Frangieh,4,scgpt_updating,0.12195121951219512,0.2926829268292683,41
Frangieh_Coculture_TNFA,Frangieh,5,random,0.17073170731707318,0.1951219512195122,41
Frangieh_Coculture_TNFA,Frangieh,5,geneformer_updating,0.12195121951219512,0.21951219512195122,41
Frangieh_Coculture_TNFA,Frangieh,5,scgpt_updating,0.04878048780487805,0.1951219512195122,41
Frangieh_Coculture_TNFA,Frangieh,6,random,0.12195121951219512,0.17073170731707318,41
Frangieh_Coculture_TNFA,Frangieh,6,geneformer_updating,0.17073170731707318,0.3170731707317073,41
Frangieh_Coculture_TNFA,Frangieh,6,scgpt_updating,0.12195121951219512,0.1951219512195122,41
Frangieh_Coculture_TNFA,Frangieh,7,random,0.0975609756097561,0.1951219512195122,41
Frangieh_Coculture_TNFA,Frangieh,7,geneformer_updating,0.04878048780487805,0.17073170731707318,41
Frangieh_Coculture_TNFA,Frangieh,7,scgpt_updating,0.1951219512195122,0.2926829268292683,41
Frangieh_Coculture_TNFA,Frangieh,8,random,0.17073170731707318,0.21951219512195122,41
Frangieh_Coculture_TNFA,Frangieh,8,geneformer_updating,0.0975609756097561,0.14634146341463414,41
Frangieh_Coculture_TNFA,Frangieh,8,scgpt_updating,0.07317073170731707,0.1951219512195122,41
Frangieh_Coculture_TNFA,Frangieh,9,random,0.14634146341463414,0.21951219512195122,41
Frangieh_Coculture_TNFA,Frangieh,9,geneformer_updating,0.0975609756097561,0.2682926829268293,41
Frangieh_Coculture_TNFA,Frangieh,9,scgpt_updating,0.0975609756097561,0.14634146341463414,41
Frangieh_Coculture_TNFA,Frangieh,10,random,0.12195121951219512,0.21951219512195122,41
Frangieh_Coculture_TNFA,Frangieh,10,geneformer_updating,0.12195121951219512,0.12195121951219512,41
Frangieh_Coculture_TNFA,Frangieh,10,scgpt_updating,0.0975609756097561,0.21951219512195122,41
Frangieh_Coculture_TNFA,Frangieh,11,random,0.1951219512195122,0.07317073170731707,41
Frangieh_Coculture_TNFA,Frangieh,11,geneformer_updating,0.17073170731707318,0.21951219512195122,41
Frangieh_Coculture_TNFA,Frangieh,11,scgpt_updating,0.17073170731707318,0.17073170731707318,41
Frangieh_Coculture_TNFA,Frangieh,12,random,0.14634146341463414,0.1951219512195122,41
Frangieh_Coculture_TNFA,Frangieh,12,geneformer_updating,0.1951219512195122,0.3170731707317073,41
Frangieh_Coculture_TNFA,Frangieh,12,scgpt_updating,0.0975609756097561,0.21951219512195122,41
Frangieh_Coculture_TNFA,Frangieh,13,random,0.0975609756097561,0.12195121951219512,41
Frangieh_Coculture_TNFA,Frangieh,13,geneformer_updating,0.14634146341463414,0.17073170731707318,41
Frangieh_Coculture_TNFA,Frangieh,13,scgpt_updating,0.1951219512195122,0.3170731707317073,41
Frangieh_Coculture_TNFA,Frangieh,14,random,0.17073170731707318,0.2682926829268293,41
Frangieh_Coculture_TNFA,Frangieh,14,geneformer_updating,0.14634146341463414,0.2926829268292683,41
Frangieh_Coculture_TNFA,Frangieh,14,scgpt_updating,0.0975609756097561,0.2926829268292683,41
Frangieh_Coculture_TNFA,Frangieh,15,random,0.14634146341463414,0.14634146341463414,41
Frangieh_Coculture_TNFA,Frangieh,15,geneformer_updating,0.1951219512195122,0.17073170731707318,41
Frangieh_Coculture_TNFA,Frangieh,15,scgpt_updating,0.0975609756097561,0.21951219512195122,41
Frangieh_Coculture_TNFA,Frangieh,16,random,0.0975609756097561,0.12195121951219512,41
Frangieh_Coculture_TNFA,Frangieh,16,geneformer_updating,0.12195121951219512,0.12195121951219512,41
Frangieh_Coculture_TNFA,Frangieh,16,scgpt_updating,0.0975609756097561,0.07317073170731707,41
Frangieh_Coculture_TNFA,Frangieh,17,random,0.1951219512195122,0.1951219512195122,41
Frangieh_Coculture_TNFA,Frangieh,17,geneformer_updating,0.1951219512195122,0.1951219512195122,41
Frangieh_Coculture_TNFA,Frangieh,17,scgpt_updating,0.0975609756097561,0.21951219512195122,41
Frangieh_Coculture_TNFA,Frangieh,18,random,0.17073170731707318,0.24390243902439024,41
Frangieh_Coculture_TNFA,Frangieh,18,geneformer_updating,0.12195121951219512,0.17073170731707318,41
Frangieh_Coculture_TNFA,Frangieh,18,scgpt_updating,0.17073170731707318,0.24390243902439024,41
Frangieh_Coculture_TNFA,Frangieh,19,random,0.17073170731707318,0.21951219512195122,41
Frangieh_Coculture_TNFA,Frangieh,19,geneformer_updating,0.14634146341463414,0.21951219512195122,41
Frangieh_Coculture_TNFA,Frangieh,19,scgpt_updating,0.0975609756097561,0.1951219512195122,41
Frangieh_Coculture_TNFA,Frangieh,20,random,0.1951219512195122,0.2682926829268293,41
Frangieh_Coculture_TNFA,Frangieh,20,geneformer_updating,0.0975609756097561,0.24390243902439024,41
Frangieh_Coculture_TNFA,Frangieh,20,scgpt_updating,0.12195121951219512,0.2682926829268293,41
Frangieh_Coculture_TNFA,Frangieh,21,random,0.1951219512195122,0.1951219512195122,41
Frangieh_Coculture_TNFA,Frangieh,21,geneformer_updating,0.21951219512195122,0.1951219512195122,41
Frangieh_Coculture_TNFA,Frangieh,21,scgpt_updating,0.12195121951219512,0.14634146341463414,41
Frangieh_Coculture_TNFA,Frangieh,22,random,0.1951219512195122,0.24390243902439024,41
Frangieh_Coculture_TNFA,Frangieh,22,geneformer_updating,0.24390243902439024,0.1951219512195122,41
Frangieh_Coculture_TNFA,Frangieh,22,scgpt_updating,0.12195121951219512,0.17073170731707318,41
Frangieh_Coculture_TNFA,Frangieh,23,random,0.2682926829268293,0.2682926829268293,41
Frangieh_Coculture_TNFA,Frangieh,23,geneformer_updating,0.14634146341463414,0.24390243902439024,41
Frangieh_Coculture_TNFA,Frangieh,23,scgpt_updating,0.0975609756097561,0.21951219512195122,41
Frangieh_Coculture_TNFA,Frangieh,24,random,0.14634146341463414,0.14634146341463414,41
Frangieh_Coculture_TNFA,Frangieh,24,geneformer_updating,0.17073170731707318,0.12195121951219512,41
Frangieh_Coculture_TNFA,Frangieh,24,scgpt_updating,0.12195121951219512,0.2682926829268293,41
Frangieh_Coculture_TNFA,Frangieh,25,random,0.07317073170731707,0.21951219512195122,41
Frangieh_Coculture_TNFA,Frangieh,25,geneformer_updating,0.17073170731707318,0.2682926829268293,41
Frangieh_Coculture_TNFA,Frangieh,25,scgpt_updating,0.0975609756097561,0.21951219512195122,41
Frangieh_Coculture_TNFA,Frangieh,26,random,0.12195121951219512,0.24390243902439024,41
Frangieh_Coculture_TNFA,Frangieh,26,geneformer_updating,0.14634146341463414,0.2926829268292683,41
Frangieh_Coculture_TNFA,Frangieh,26,scgpt_updating,0.12195121951219512,0.17073170731707318,41
Frangieh_Coculture_TNFA,Frangieh,27,random,0.2682926829268293,0.1951219512195122,41
Frangieh_Coculture_TNFA,Frangieh,27,geneformer_updating,0.17073170731707318,0.17073170731707318,41
Frangieh_Coculture_TNFA,Frangieh,27,scgpt_updating,0.14634146341463414,0.17073170731707318,41
Frangieh_Coculture_TNFA,Frangieh,28,random,0.04878048780487805,0.024390243902439025,41
Frangieh_Coculture_TNFA,Frangieh,28,geneformer_updating,0.14634146341463414,0.12195121951219512,41
Frangieh_Coculture_TNFA,Frangieh,28,scgpt_updating,0.14634146341463414,0.12195121951219512,41
Frangieh_Coculture_TNFA,Frangieh,29,random,0.14634146341463414,0.1951219512195122,41
Frangieh_Coculture_TNFA,Frangieh,29,geneformer_updating,0.1951219512195122,0.21951219512195122,41
Frangieh_Coculture_TNFA,Frangieh,29,scgpt_updating,0.12195121951219512,0.1951219512195122,41
Frangieh_Coculture_IL2STAT5,Frangieh,0,random,0.2926829268292683,0.17073170731707318,41
Frangieh_Coculture_IL2STAT5,Frangieh,0,geneformer_updating,0.2682926829268293,0.1951219512195122,41
Frangieh_Coculture_IL2STAT5,Frangieh,0,scgpt_updating,0.24390243902439024,0.34146341463414637,41
Frangieh_Coculture_IL2STAT5,Frangieh,1,random,0.24390243902439024,0.21951219512195122,41
Frangieh_Coculture_IL2STAT5,Frangieh,1,geneformer_updating,0.3170731707317073,0.21951219512195122,41
Frangieh_Coculture_IL2STAT5,Frangieh,1,scgpt_updating,0.2926829268292683,0.24390243902439024,41
Frangieh_Coculture_IL2STAT5,Frangieh,2,random,0.3170731707317073,0.17073170731707318,41
Frangieh_Coculture_IL2STAT5,Frangieh,2,geneformer_updating,0.2682926829268293,0.12195121951219512,41
Frangieh_Coculture_IL2STAT5,Frangieh,2,scgpt_updating,0.2926829268292683,0.2926829268292683,41
Frangieh_Coculture_IL2STAT5,Frangieh,3,random,0.34146341463414637,0.21951219512195122,41
Frangieh_Coculture_IL2STAT5,Frangieh,3,geneformer_updating,0.24390243902439024,0.2682926829268293,41
Frangieh_Coculture_IL2STAT5,Frangieh,3,scgpt_updating,0.3170731707317073,0.21951219512195122,41
Frangieh_Coculture_IL2STAT5,Frangieh,4,random,0.36585365853658536,0.24390243902439024,41
Frangieh_Coculture_IL2STAT5,Frangieh,4,geneformer_updating,0.3170731707317073,0.2682926829268293,41
Frangieh_Coculture_IL2STAT5,Frangieh,4,scgpt_updating,0.2926829268292683,0.2926829268292683,41
Frangieh_Coculture_IL2STAT5,Frangieh,5,random,0.1951219512195122,0.2682926829268293,41
Frangieh_Coculture_IL2STAT5,Frangieh,5,geneformer_updating,0.3170731707317073,0.1951219512195122,41
Frangieh_Coculture_IL2STAT5,Frangieh,5,scgpt_updating,0.36585365853658536,0.24390243902439024,41
Frangieh_Coculture_IL2STAT5,Frangieh,6,random,0.3170731707317073,0.12195121951219512,41
Frangieh_Coculture_IL2STAT5,Frangieh,6,geneformer_updating,0.24390243902439024,0.24390243902439024,41
Frangieh_Coculture_IL2STAT5,Frangieh,6,scgpt_updating,0.34146341463414637,0.2926829268292683,41
Frangieh_Coculture_IL2STAT5,Frangieh,7,random,0.24390243902439024,0.1951219512195122,41
Frangieh_Coculture_IL2STAT5,Frangieh,7,geneformer_updating,0.2682926829268293,0.24390243902439024,41
Frangieh_Coculture_IL2STAT5,Frangieh,7,scgpt_updating,0.3170731707317073,0.14634146341463414,41
Frangieh_Coculture_IL2STAT5,Frangieh,8,random,0.2682926829268293,0.3170731707317073,41
Frangieh_Coculture_IL2STAT5,Frangieh,8,geneformer_updating,0.21951219512195122,0.21951219512195122,41
Frangieh_Coculture_IL2STAT5,Frangieh,8,scgpt_updating,0.36585365853658536,0.3170731707317073,41
Frangieh_Coculture_IL2STAT5,Frangieh,9,random,0.24390243902439024,0.2682926829268293,41
Frangieh_Coculture_IL2STAT5,Frangieh,9,geneformer_updating,0.21951219512195122,0.21951219512195122,41
Frangieh_Coculture_IL2STAT5,Frangieh,9,scgpt_updating,0.12195121951219512,0.2926829268292683,41
Frangieh_Coculture_IL2STAT5,Frangieh,10,random,0.2682926829268293,0.17073170731707318,41
Frangieh_Coculture_IL2STAT5,Frangieh,10,geneformer_updating,0.1951219512195122,0.12195121951219512,41
Frangieh_Coculture_IL2STAT5,Frangieh,10,scgpt_updating,0.34146341463414637,0.21951219512195122,41
Frangieh_Coculture_IL2STAT5,Frangieh,11,random,0.3902439024390244,0.17073170731707318,41
Frangieh_Coculture_IL2STAT5,Frangieh,11,geneformer_updating,0.4634146341463415,0.12195121951219512,41
Frangieh_Coculture_IL2STAT5,Frangieh,11,scgpt_updating,0.3902439024390244,0.1951219512195122,41
Frangieh_Coculture_IL2STAT5,Frangieh,12,random,0.2926829268292683,0.17073170731707318,41
Frangieh_Coculture_IL2STAT5,Frangieh,12,geneformer_updating,0.3170731707317073,0.21951219512195122,41
Frangieh_Coculture_IL2STAT5,Frangieh,12,scgpt_updating,0.17073170731707318,0.2682926829268293,41
Frangieh_Coculture_IL2STAT5,Frangieh,13,random,0.2682926829268293,0.1951219512195122,41
Frangieh_Coculture_IL2STAT5,Frangieh,13,geneformer_updating,0.21951219512195122,0.24390243902439024,41
Frangieh_Coculture_IL2STAT5,Frangieh,13,scgpt_updating,0.34146341463414637,0.2926829268292683,41
Frangieh_Coculture_IL2STAT5,Frangieh,14,random,0.3902439024390244,0.36585365853658536,41
Frangieh_Coculture_IL2STAT5,Frangieh,14,geneformer_updating,0.3170731707317073,0.1951219512195122,41
Frangieh_Coculture_IL2STAT5,Frangieh,14,scgpt_updating,0.3902439024390244,0.2682926829268293,41
Frangieh_Coculture_IL2STAT5,Frangieh,15,random,0.3170731707317073,0.14634146341463414,41
Frangieh_Coculture_IL2STAT5,Frangieh,15,geneformer_updating,0.24390243902439024,0.17073170731707318,41
Frangieh_Coculture_IL2STAT5,Frangieh,15,scgpt_updating,0.34146341463414637,0.17073170731707318,41
Frangieh_Coculture_IL2STAT5,Frangieh,16,random,0.21951219512195122,0.17073170731707318,41
Frangieh_Coculture_IL2STAT5,Frangieh,16,geneformer_updating,0.21951219512195122,0.14634146341463414,41
Frangieh_Coculture_IL2STAT5,Frangieh,16,scgpt_updating,0.34146341463414637,0.1951219512195122,41
Frangieh_Coculture_IL2STAT5,Frangieh,17,random,0.34146341463414637,0.14634146341463414,41
Frangieh_Coculture_IL2STAT5,Frangieh,17,geneformer_updating,0.24390243902439024,0.24390243902439024,41
Frangieh_Coculture_IL2STAT5,Frangieh,17,scgpt_updating,0.21951219512195122,0.36585365853658536,41
Frangieh_Coculture_IL2STAT5,Frangieh,18,random,0.2682926829268293,0.2682926829268293,41
Frangieh_Coculture_IL2STAT5,Frangieh,18,geneformer_updating,0.2682926829268293,0.14634146341463414,41
Frangieh_Coculture_IL2STAT5,Frangieh,18,scgpt_updating,0.36585365853658536,0.1951219512195122,41
Frangieh_Coculture_IL2STAT5,Frangieh,19,random,0.1951219512195122,0.17073170731707318,41
Frangieh_Coculture_IL2STAT5,Frangieh,19,geneformer_updating,0.34146341463414637,0.24390243902439024,41
Frangieh_Coculture_IL2STAT5,Frangieh,19,scgpt_updating,0.2682926829268293,0.24390243902439024,41
Frangieh_Coculture_IL2STAT5,Frangieh,20,random,0.2926829268292683,0.24390243902439024,41
Frangieh_Coculture_IL2STAT5,Frangieh,20,geneformer_updating,0.2682926829268293,0.2926829268292683,41
Frangieh_Coculture_IL2STAT5,Frangieh,20,scgpt_updating,0.34146341463414637,0.3170731707317073,41
Frangieh_Coculture_IL2STAT5,Frangieh,21,random,0.2926829268292683,0.21951219512195122,41
Frangieh_Coculture_IL2STAT5,Frangieh,21,geneformer_updating,0.2926829268292683,0.12195121951219512,41
Frangieh_Coculture_IL2STAT5,Frangieh,21,scgpt_updating,0.36585365853658536,0.14634146341463414,41
Frangieh_Coculture_IL2STAT5,Frangieh,22,random,0.34146341463414637,0.2926829268292683,41
Frangieh_Coculture_IL2STAT5,Frangieh,22,geneformer_updating,0.34146341463414637,0.24390243902439024,41
Frangieh_Coculture_IL2STAT5,Frangieh,22,scgpt_updating,0.4634146341463415,0.2926829268292683,41
Frangieh_Coculture_IL2STAT5,Frangieh,23,random,0.3902439024390244,0.2926829268292683,41
Frangieh_Coculture_IL2STAT5,Frangieh,23,geneformer_updating,0.2682926829268293,0.0975609756097561,41
Frangieh_Coculture_IL2STAT5,Frangieh,23,scgpt_updating,0.4146341463414634,0.21951219512195122,41
Frangieh_Coculture_IL2STAT5,Frangieh,24,random,0.24390243902439024,0.12195121951219512,41
Frangieh_Coculture_IL2STAT5,Frangieh,24,geneformer_updating,0.2926829268292683,0.21951219512195122,41
Frangieh_Coculture_IL2STAT5,Frangieh,24,scgpt_updating,0.3902439024390244,0.21951219512195122,41
Frangieh_Coculture_IL2STAT5,Frangieh,25,random,0.3170731707317073,0.2682926829268293,41
Frangieh_Coculture_IL2STAT5,Frangieh,25,geneformer_updating,0.34146341463414637,0.1951219512195122,41
Frangieh_Coculture_IL2STAT5,Frangieh,25,scgpt_updating,0.1951219512195122,0.17073170731707318,41
Frangieh_Coculture_IL2STAT5,Frangieh,26,random,0.3170731707317073,0.14634146341463414,41
Frangieh_Coculture_IL2STAT5,Frangieh,26,geneformer_updating,0.2926829268292683,0.24390243902439024,41
Frangieh_Coculture_IL2STAT5,Frangieh,26,scgpt_updating,0.17073170731707318,0.1951219512195122,41
Frangieh_Coculture_IL2STAT5,Frangieh,27,random,0.36585365853658536,0.1951219512195122,41
Frangieh_Coculture_IL2STAT5,Frangieh,27,geneformer_updating,0.4146341463414634,0.21951219512195122,41
Frangieh_Coculture_IL2STAT5,Frangieh,27,scgpt_updating,0.3902439024390244,0.1951219512195122,41
Frangieh_Coculture_IL2STAT5,Frangieh,28,random,0.21951219512195122,0.14634146341463414,41
Frangieh_Coculture_IL2STAT5,Frangieh,28,geneformer_updating,0.34146341463414637,0.21951219512195122,41
Frangieh_Coculture_IL2STAT5,Frangieh,28,scgpt_updating,0.17073170731707318,0.14634146341463414,41
Frangieh_Coculture_IL2STAT5,Frangieh,29,random,0.2682926829268293,0.14634146341463414,41
Frangieh_Coculture_IL2STAT5,Frangieh,29,geneformer_updating,0.3902439024390244,0.14634146341463414,41
Frangieh_Coculture_IL2STAT5,Frangieh,29,scgpt_updating,0.2682926829268293,0.21951219512195122,41
Frangieh_Control_IFNG,Frangieh,0,random,0.46153846153846156,0.3076923076923077,39
Frangieh_Control_IFNG,Frangieh,0,geneformer_updating,0.48717948717948717,0.3333333333333333,39
Frangieh_Control_IFNG,Frangieh,0,scgpt_updating,0.48717948717948717,0.28205128205128205,39
Frangieh_Control_IFNG,Frangieh,1,random,0.3333333333333333,0.28205128205128205,39
Frangieh_Control_IFNG,Frangieh,1,geneformer_updating,0.3333333333333333,0.2564102564102564,39
Frangieh_Control_IFNG,Frangieh,1,scgpt_updating,0.4358974358974359,0.28205128205128205,39
Frangieh_Control_IFNG,Frangieh,2,random,0.5384615384615384,0.1794871794871795,39
Frangieh_Control_IFNG,Frangieh,2,geneformer_updating,0.3076923076923077,0.1794871794871795,39
Frangieh_Control_IFNG,Frangieh,2,scgpt_updating,0.48717948717948717,0.28205128205128205,39
Frangieh_Control_IFNG,Frangieh,3,random,0.358974358974359,0.28205128205128205,39
Frangieh_Control_IFNG,Frangieh,3,geneformer_updating,0.3076923076923077,0.23076923076923078,39
Frangieh_Control_IFNG,Frangieh,3,scgpt_updating,0.3333333333333333,0.28205128205128205,39
Frangieh_Control_IFNG,Frangieh,4,random,0.2564102564102564,0.3076923076923077,39
Frangieh_Control_IFNG,Frangieh,4,geneformer_updating,0.38461538461538464,0.1282051282051282,39
Frangieh_Control_IFNG,Frangieh,4,scgpt_updating,0.38461538461538464,0.2564102564102564,39
Frangieh_Control_IFNG,Frangieh,5,random,0.5384615384615384,0.358974358974359,39
Frangieh_Control_IFNG,Frangieh,5,geneformer_updating,0.38461538461538464,0.28205128205128205,39
Frangieh_Control_IFNG,Frangieh,5,scgpt_updating,0.41025641025641024,0.1794871794871795,39
Frangieh_Control_IFNG,Frangieh,6,random,0.41025641025641024,0.28205128205128205,39
Frangieh_Control_IFNG,Frangieh,6,geneformer_updating,0.358974358974359,0.23076923076923078,39
Frangieh_Control_IFNG,Frangieh,6,scgpt_updating,0.358974358974359,0.2564102564102564,39
Frangieh_Control_IFNG,Frangieh,7,random,0.46153846153846156,0.38461538461538464,39
Frangieh_Control_IFNG,Frangieh,7,geneformer_updating,0.41025641025641024,0.28205128205128205,39
Frangieh_Control_IFNG,Frangieh,7,scgpt_updating,0.3333333333333333,0.28205128205128205,39
Frangieh_Control_IFNG,Frangieh,8,random,0.4358974358974359,0.28205128205128205,39
Frangieh_Control_IFNG,Frangieh,8,geneformer_updating,0.41025641025641024,0.15384615384615385,39
Frangieh_Control_IFNG,Frangieh,8,scgpt_updating,0.358974358974359,0.1282051282051282,39
Frangieh_Control_IFNG,Frangieh,9,random,0.41025641025641024,0.2564102564102564,39
Frangieh_Control_IFNG,Frangieh,9,geneformer_updating,0.48717948717948717,0.2564102564102564,39
Frangieh_Control_IFNG,Frangieh,9,scgpt_updating,0.38461538461538464,0.28205128205128205,39
Frangieh_Control_IFNG,Frangieh,10,random,0.358974358974359,0.28205128205128205,39
Frangieh_Control_IFNG,Frangieh,10,geneformer_updating,0.3333333333333333,0.358974358974359,39
Frangieh_Control_IFNG,Frangieh,10,scgpt_updating,0.3076923076923077,0.3333333333333333,39
Frangieh_Control_IFNG,Frangieh,11,random,0.358974358974359,0.20512820512820512,39
Frangieh_Control_IFNG,Frangieh,11,geneformer_updating,0.3333333333333333,0.20512820512820512,39
Frangieh_Control_IFNG,Frangieh,11,scgpt_updating,0.4358974358974359,0.38461538461538464,39
Frangieh_Control_IFNG,Frangieh,12,random,0.38461538461538464,0.2564102564102564,39
Frangieh_Control_IFNG,Frangieh,12,geneformer_updating,0.358974358974359,0.15384615384615385,39
Frangieh_Control_IFNG,Frangieh,12,scgpt_updating,0.38461538461538464,0.3333333333333333,39
Frangieh_Control_IFNG,Frangieh,13,random,0.358974358974359,0.358974358974359,39
Frangieh_Control_IFNG,Frangieh,13,geneformer_updating,0.3333333333333333,0.28205128205128205,39
Frangieh_Control_IFNG,Frangieh,13,scgpt_updating,0.2564102564102564,0.28205128205128205,39
Frangieh_Control_IFNG,Frangieh,14,random,0.38461538461538464,0.28205128205128205,39
Frangieh_Control_IFNG,Frangieh,14,geneformer_updating,0.41025641025641024,0.28205128205128205,39
Frangieh_Control_IFNG,Frangieh,14,scgpt_updating,0.41025641025641024,0.28205128205128205,39
Frangieh_Control_IFNG,Frangieh,15,random,0.41025641025641024,0.2564102564102564,39
Frangieh_Control_IFNG,Frangieh,15,geneformer_updating,0.3333333333333333,0.15384615384615385,39
Frangieh_Control_IFNG,Frangieh,15,scgpt_updating,0.41025641025641024,0.3076923076923077,39
Frangieh_Control_IFNG,Frangieh,16,random,0.3333333333333333,0.20512820512820512,39
Frangieh_Control_IFNG,Frangieh,16,geneformer_updating,0.38461538461538464,0.28205128205128205,39
Frangieh_Control_IFNG,Frangieh,16,scgpt_updating,0.3333333333333333,0.3076923076923077,39
Frangieh_Control_IFNG,Frangieh,17,random,0.358974358974359,0.3076923076923077,39
Frangieh_Control_IFNG,Frangieh,17,geneformer_updating,0.5128205128205128,0.20512820512820512,39
Frangieh_Control_IFNG,Frangieh,17,scgpt_updating,0.38461538461538464,0.3076923076923077,39
Frangieh_Control_IFNG,Frangieh,18,random,0.358974358974359,0.28205128205128205,39
Frangieh_Control_IFNG,Frangieh,18,geneformer_updating,0.358974358974359,0.3076923076923077,39
Frangieh_Control_IFNG,Frangieh,18,scgpt_updating,0.38461538461538464,0.28205128205128205,39
Frangieh_Control_IFNG,Frangieh,19,random,0.46153846153846156,0.23076923076923078,39
Frangieh_Control_IFNG,Frangieh,19,geneformer_updating,0.38461538461538464,0.15384615384615385,39
Frangieh_Control_IFNG,Frangieh,19,scgpt_updating,0.38461538461538464,0.20512820512820512,39
Frangieh_Control_IFNG,Frangieh,20,random,0.38461538461538464,0.28205128205128205,39
Frangieh_Control_IFNG,Frangieh,20,geneformer_updating,0.3333333333333333,0.1794871794871795,39
Frangieh_Control_IFNG,Frangieh,20,scgpt_updating,0.3076923076923077,0.23076923076923078,39
Frangieh_Control_IFNG,Frangieh,21,random,0.38461538461538464,0.28205128205128205,39
Frangieh_Control_IFNG,Frangieh,21,geneformer_updating,0.3333333333333333,0.28205128205128205,39
Frangieh_Control_IFNG,Frangieh,21,scgpt_updating,0.4358974358974359,0.20512820512820512,39
Frangieh_Control_IFNG,Frangieh,22,random,0.358974358974359,0.3076923076923077,39
Frangieh_Control_IFNG,Frangieh,22,geneformer_updating,0.46153846153846156,0.2564102564102564,39
Frangieh_Control_IFNG,Frangieh,22,scgpt_updating,0.358974358974359,0.1282051282051282,39
Frangieh_Control_IFNG,Frangieh,23,random,0.41025641025641024,0.358974358974359,39
Frangieh_Control_IFNG,Frangieh,23,geneformer_updating,0.38461538461538464,0.23076923076923078,39
Frangieh_Control_IFNG,Frangieh,23,scgpt_updating,0.46153846153846156,0.23076923076923078,39
Frangieh_Control_IFNG,Frangieh,24,random,0.46153846153846156,0.3076923076923077,39
Frangieh_Control_IFNG,Frangieh,24,geneformer_updating,0.41025641025641024,0.358974358974359,39
Frangieh_Control_IFNG,Frangieh,24,scgpt_updating,0.41025641025641024,0.23076923076923078,39
Frangieh_Control_IFNG,Frangieh,25,random,0.3333333333333333,0.28205128205128205,39
Frangieh_Control_IFNG,Frangieh,25,geneformer_updating,0.5128205128205128,0.28205128205128205,39
Frangieh_Control_IFNG,Frangieh,25,scgpt_updating,0.358974358974359,0.3333333333333333,39
Frangieh_Control_IFNG,Frangieh,26,random,0.46153846153846156,0.3076923076923077,39
Frangieh_Control_IFNG,Frangieh,26,geneformer_updating,0.46153846153846156,0.23076923076923078,39
Frangieh_Control_IFNG,Frangieh,26,scgpt_updating,0.46153846153846156,0.28205128205128205,39
Frangieh_Control_IFNG,Frangieh,27,random,0.41025641025641024,0.38461538461538464,39
Frangieh_Control_IFNG,Frangieh,27,geneformer_updating,0.41025641025641024,0.2564102564102564,39
Frangieh_Control_IFNG,Frangieh,27,scgpt_updating,0.5897435897435898,0.3333333333333333,39
Frangieh_Control_IFNG,Frangieh,28,random,0.38461538461538464,0.3333333333333333,39
Frangieh_Control_IFNG,Frangieh,28,geneformer_updating,0.3076923076923077,0.20512820512820512,39
Frangieh_Control_IFNG,Frangieh,28,scgpt_updating,0.28205128205128205,0.358974358974359,39
Frangieh_Control_IFNG,Frangieh,29,random,0.46153846153846156,0.23076923076923078,39
Frangieh_Control_IFNG,Frangieh,29,geneformer_updating,0.28205128205128205,0.23076923076923078,39
Frangieh_Control_IFNG,Frangieh,29,scgpt_updating,0.358974358974359,0.3076923076923077,39
Frangieh_Control_TNFA,Frangieh,0,random,0.48717948717948717,0.2564102564102564,39
Frangieh_Control_TNFA,Frangieh,0,geneformer_updating,0.46153846153846156,0.23076923076923078,39
Frangieh_Control_TNFA,Frangieh,0,scgpt_updating,0.41025641025641024,0.23076923076923078,39
Frangieh_Control_TNFA,Frangieh,1,random,0.5384615384615384,0.2564102564102564,39
Frangieh_Control_TNFA,Frangieh,1,geneformer_updating,0.4358974358974359,0.10256410256410256,39
Frangieh_Control_TNFA,Frangieh,1,scgpt_updating,0.4358974358974359,0.15384615384615385,39
Frangieh_Control_TNFA,Frangieh,2,random,0.5128205128205128,0.1794871794871795,39
Frangieh_Control_TNFA,Frangieh,2,geneformer_updating,0.38461538461538464,0.28205128205128205,39
Frangieh_Control_TNFA,Frangieh,2,scgpt_updating,0.38461538461538464,0.1794871794871795,39
Frangieh_Control_TNFA,Frangieh,3,random,0.358974358974359,0.1794871794871795,39
Frangieh_Control_TNFA,Frangieh,3,geneformer_updating,0.41025641025641024,0.20512820512820512,39
Frangieh_Control_TNFA,Frangieh,3,scgpt_updating,0.38461538461538464,0.28205128205128205,39
Frangieh_Control_TNFA,Frangieh,4,random,0.28205128205128205,0.20512820512820512,39
Frangieh_Control_TNFA,Frangieh,4,geneformer_updating,0.28205128205128205,0.20512820512820512,39
Frangieh_Control_TNFA,Frangieh,4,scgpt_updating,0.3333333333333333,0.23076923076923078,39
Frangieh_Control_TNFA,Frangieh,5,random,0.4358974358974359,0.23076923076923078,39
Frangieh_Control_TNFA,Frangieh,5,geneformer_updating,0.358974358974359,0.23076923076923078,39
Frangieh_Control_TNFA,Frangieh,5,scgpt_updating,0.358974358974359,0.2564102564102564,39
Frangieh_Control_TNFA,Frangieh,6,random,0.41025641025641024,0.1282051282051282,39
Frangieh_Control_TNFA,Frangieh,6,geneformer_updating,0.358974358974359,0.05128205128205128,39
Frangieh_Control_TNFA,Frangieh,6,scgpt_updating,0.4358974358974359,0.15384615384615385,39
Frangieh_Control_TNFA,Frangieh,7,random,0.38461538461538464,0.3076923076923077,39
Frangieh_Control_TNFA,Frangieh,7,geneformer_updating,0.358974358974359,0.3076923076923077,39
Frangieh_Control_TNFA,Frangieh,7,scgpt_updating,0.38461538461538464,0.3333333333333333,39
Frangieh_Control_TNFA,Frangieh,8,random,0.46153846153846156,0.28205128205128205,39
Frangieh_Control_TNFA,Frangieh,8,geneformer_updating,0.358974358974359,0.23076923076923078,39
Frangieh_Control_TNFA,Frangieh,8,scgpt_updating,0.3076923076923077,0.23076923076923078,39
Frangieh_Control_TNFA,Frangieh,9,random,0.3076923076923077,0.23076923076923078,39
Frangieh_Control_TNFA,Frangieh,9,geneformer_updating,0.358974358974359,0.28205128205128205,39
Frangieh_Control_TNFA,Frangieh,9,scgpt_updating,0.41025641025641024,0.3076923076923077,39
Frangieh_Control_TNFA,Frangieh,10,random,0.358974358974359,0.23076923076923078,39
Frangieh_Control_TNFA,Frangieh,10,geneformer_updating,0.23076923076923078,0.20512820512820512,39
Frangieh_Control_TNFA,Frangieh,10,scgpt_updating,0.28205128205128205,0.20512820512820512,39
Frangieh_Control_TNFA,Frangieh,11,random,0.3076923076923077,0.2564102564102564,39
Frangieh_Control_TNFA,Frangieh,11,geneformer_updating,0.3333333333333333,0.2564102564102564,39
Frangieh_Control_TNFA,Frangieh,11,scgpt_updating,0.38461538461538464,0.2564102564102564,39
Frangieh_Control_TNFA,Frangieh,12,random,0.41025641025641024,0.1794871794871795,39
Frangieh_Control_TNFA,Frangieh,12,geneformer_updating,0.4358974358974359,0.1282051282051282,39
Frangieh_Control_TNFA,Frangieh,12,scgpt_updating,0.38461538461538464,0.10256410256410256,39
Frangieh_Control_TNFA,Frangieh,13,random,0.46153846153846156,0.15384615384615385,39
Frangieh_Control_TNFA,Frangieh,13,geneformer_updating,0.3333333333333333,0.23076923076923078,39
Frangieh_Control_TNFA,Frangieh,13,scgpt_updating,0.41025641025641024,0.2564102564102564,39
Frangieh_Control_TNFA,Frangieh,14,random,0.38461538461538464,0.1794871794871795,39
Frangieh_Control_TNFA,Frangieh,14,geneformer_updating,0.41025641025641024,0.20512820512820512,39
Frangieh_Control_TNFA,Frangieh,14,scgpt_updating,0.3333333333333333,0.23076923076923078,39
Frangieh_Control_TNFA,Frangieh,15,random,0.38461538461538464,0.1794871794871795,39
Frangieh_Control_TNFA,Frangieh,15,geneformer_updating,0.358974358974359,0.28205128205128205,39
Frangieh_Control_TNFA,Frangieh,15,scgpt_updating,0.46153846153846156,0.23076923076923078,39
Frangieh_Control_TNFA,Frangieh,16,random,0.41025641025641024,0.23076923076923078,39
Frangieh_Control_TNFA,Frangieh,16,geneformer_updating,0.38461538461538464,0.23076923076923078,39
Frangieh_Control_TNFA,Frangieh,16,scgpt_updating,0.3076923076923077,0.1794871794871795,39
Frangieh_Control_TNFA,Frangieh,17,random,0.5128205128205128,0.23076923076923078,39
Frangieh_Control_TNFA,Frangieh,17,geneformer_updating,0.46153846153846156,0.23076923076923078,39
Frangieh_Control_TNFA,Frangieh,17,scgpt_updating,0.5641025641025641,0.23076923076923078,39
Frangieh_Control_TNFA,Frangieh,18,random,0.41025641025641024,0.10256410256410256,39
Frangieh_Control_TNFA,Frangieh,18,geneformer_updating,0.3333333333333333,0.1794871794871795,39
Frangieh_Control_TNFA,Frangieh,18,scgpt_updating,0.358974358974359,0.1282051282051282,39
Frangieh_Control_TNFA,Frangieh,19,random,0.46153846153846156,0.20512820512820512,39
Frangieh_Control_TNFA,Frangieh,19,geneformer_updating,0.46153846153846156,0.1794871794871795,39
Frangieh_Control_TNFA,Frangieh,19,scgpt_updating,0.4358974358974359,0.2564102564102564,39
Frangieh_Control_TNFA,Frangieh,20,random,0.38461538461538464,0.23076923076923078,39
Frangieh_Control_TNFA,Frangieh,20,geneformer_updating,0.48717948717948717,0.20512820512820512,39
Frangieh_Control_TNFA,Frangieh,20,scgpt_updating,0.41025641025641024,0.20512820512820512,39
Frangieh_Control_TNFA,Frangieh,21,random,0.4358974358974359,0.1282051282051282,39
Frangieh_Control_TNFA,Frangieh,21,geneformer_updating,0.4358974358974359,0.2564102564102564,39
Frangieh_Control_TNFA,Frangieh,21,scgpt_updating,0.38461538461538464,0.2564102564102564,39
Frangieh_Control_TNFA,Frangieh,22,random,0.48717948717948717,0.20512820512820512,39
Frangieh_Control_TNFA,Frangieh,22,geneformer_updating,0.4358974358974359,0.20512820512820512,39
Frangieh_Control_TNFA,Frangieh,22,scgpt_updating,0.3333333333333333,0.3076923076923077,39
Frangieh_Control_TNFA,Frangieh,23,random,0.358974358974359,0.20512820512820512,39
Frangieh_Control_TNFA,Frangieh,23,geneformer_updating,0.358974358974359,0.23076923076923078,39
Frangieh_Control_TNFA,Frangieh,23,scgpt_updating,0.46153846153846156,0.28205128205128205,39
Frangieh_Control_TNFA,Frangieh,24,random,0.5128205128205128,0.20512820512820512,39
Frangieh_Control_TNFA,Frangieh,24,geneformer_updating,0.2564102564102564,0.28205128205128205,39
Frangieh_Control_TNFA,Frangieh,24,scgpt_updating,0.46153846153846156,0.1282051282051282,39
Frangieh_Control_TNFA,Frangieh,25,random,0.358974358974359,0.15384615384615385,39
Frangieh_Control_TNFA,Frangieh,25,geneformer_updating,0.358974358974359,0.1282051282051282,39
Frangieh_Control_TNFA,Frangieh,25,scgpt_updating,0.41025641025641024,0.1794871794871795,39
Frangieh_Control_TNFA,Frangieh,26,random,0.46153846153846156,0.2564102564102564,39
Frangieh_Control_TNFA,Frangieh,26,geneformer_updating,0.358974358974359,0.23076923076923078,39
Frangieh_Control_TNFA,Frangieh,26,scgpt_updating,0.4358974358974359,0.1794871794871795,39
Frangieh_Control_TNFA,Frangieh,27,random,0.5641025641025641,0.20512820512820512,39
Frangieh_Control_TNFA,Frangieh,27,geneformer_updating,0.46153846153846156,0.20512820512820512,39
Frangieh_Control_TNFA,Frangieh,27,scgpt_updating,0.41025641025641024,0.20512820512820512,39
Frangieh_Control_TNFA,Frangieh,28,random,0.4358974358974359,0.23076923076923078,39
Frangieh_Control_TNFA,Frangieh,28,geneformer_updating,0.41025641025641024,0.2564102564102564,39
Frangieh_Control_TNFA,Frangieh,28,scgpt_updating,0.4358974358974359,0.15384615384615385,39
Frangieh_Control_TNFA,Frangieh,29,random,0.41025641025641024,0.1794871794871795,39
Frangieh_Control_TNFA,Frangieh,29,geneformer_updating,0.41025641025641024,0.23076923076923078,39
Frangieh_Control_TNFA,Frangieh,29,scgpt_updating,0.41025641025641024,0.3333333333333333,39
Frangieh_Control_IL2STAT5,Frangieh,0,random,0.20512820512820512,0.3333333333333333,39
Frangieh_Control_IL2STAT5,Frangieh,0,geneformer_updating,0.20512820512820512,0.23076923076923078,39
Frangieh_Control_IL2STAT5,Frangieh,0,scgpt_updating,0.2564102564102564,0.1794871794871795,39
Frangieh_Control_IL2STAT5,Frangieh,1,random,0.2564102564102564,0.3333333333333333,39
Frangieh_Control_IL2STAT5,Frangieh,1,geneformer_updating,0.1282051282051282,0.2564102564102564,39
Frangieh_Control_IL2STAT5,Frangieh,1,scgpt_updating,0.20512820512820512,0.28205128205128205,39
Frangieh_Control_IL2STAT5,Frangieh,2,random,0.3076923076923077,0.28205128205128205,39
Frangieh_Control_IL2STAT5,Frangieh,2,geneformer_updating,0.28205128205128205,0.38461538461538464,39
Frangieh_Control_IL2STAT5,Frangieh,2,scgpt_updating,0.3333333333333333,0.23076923076923078,39
Frangieh_Control_IL2STAT5,Frangieh,3,random,0.15384615384615385,0.28205128205128205,39
Frangieh_Control_IL2STAT5,Frangieh,3,geneformer_updating,0.20512820512820512,0.3076923076923077,39
Frangieh_Control_IL2STAT5,Frangieh,3,scgpt_updating,0.15384615384615385,0.23076923076923078,39
Frangieh_Control_IL2STAT5,Frangieh,4,random,0.1282051282051282,0.28205128205128205,39
Frangieh_Control_IL2STAT5,Frangieh,4,geneformer_updating,0.1794871794871795,0.38461538461538464,39
Frangieh_Control_IL2STAT5,Frangieh,4,scgpt_updating,0.15384615384615385,0.4358974358974359,39
Frangieh_Control_IL2STAT5,Frangieh,5,random,0.28205128205128205,0.38461538461538464,39
Frangieh_Control_IL2STAT5,Frangieh,5,geneformer_updating,0.23076923076923078,0.3076923076923077,39
Frangieh_Control_IL2STAT5,Frangieh,5,scgpt_updating,0.1794871794871795,0.38461538461538464,39
Frangieh_Control_IL2STAT5,Frangieh,6,random,0.3076923076923077,0.3076923076923077,39
Frangieh_Control_IL2STAT5,Frangieh,6,geneformer_updating,0.3333333333333333,0.2564102564102564,39
Frangieh_Control_IL2STAT5,Frangieh,6,scgpt_updating,0.28205128205128205,0.23076923076923078,39
Frangieh_Control_IL2STAT5,Frangieh,7,random,0.2564102564102564,0.28205128205128205,39
Frangieh_Control_IL2STAT5,Frangieh,7,geneformer_updating,0.20512820512820512,0.23076923076923078,39
Frangieh_Control_IL2STAT5,Frangieh,7,scgpt_updating,0.20512820512820512,0.28205128205128205,39
Frangieh_Control_IL2STAT5,Frangieh,8,random,0.23076923076923078,0.3076923076923077,39
Frangieh_Control_IL2STAT5,Frangieh,8,geneformer_updating,0.1794871794871795,0.358974358974359,39
Frangieh_Control_IL2STAT5,Frangieh,8,scgpt_updating,0.1794871794871795,0.3333333333333333,39
Frangieh_Control_IL2STAT5,Frangieh,9,random,0.2564102564102564,0.2564102564102564,39
Frangieh_Control_IL2STAT5,Frangieh,9,geneformer_updating,0.28205128205128205,0.358974358974359,39
Frangieh_Control_IL2STAT5,Frangieh,9,scgpt_updating,0.3076923076923077,0.3076923076923077,39
Frangieh_Control_IL2STAT5,Frangieh,10,random,0.2564102564102564,0.20512820512820512,39
Frangieh_Control_IL2STAT5,Frangieh,10,geneformer_updating,0.28205128205128205,0.4358974358974359,39
Frangieh_Control_IL2STAT5,Frangieh,10,scgpt_updating,0.20512820512820512,0.3076923076923077,39
Frangieh_Control_IL2STAT5,Frangieh,11,random,0.23076923076923078,0.28205128205128205,39
Frangieh_Control_IL2STAT5,Frangieh,11,geneformer_updating,0.2564102564102564,0.3076923076923077,39
Frangieh_Control_IL2STAT5,Frangieh,11,scgpt_updating,0.28205128205128205,0.3333333333333333,39
Frangieh_Control_IL2STAT5,Frangieh,12,random,0.20512820512820512,0.28205128205128205,39
Frangieh_Control_IL2STAT5,Frangieh,12,geneformer_updating,0.15384615384615385,0.28205128205128205,39
Frangieh_Control_IL2STAT5,Frangieh,12,scgpt_updating,0.15384615384615385,0.38461538461538464,39
Frangieh_Control_IL2STAT5,Frangieh,13,random,0.3333333333333333,0.20512820512820512,39
Frangieh_Control_IL2STAT5,Frangieh,13,geneformer_updating,0.28205128205128205,0.38461538461538464,39
Frangieh_Control_IL2STAT5,Frangieh,13,scgpt_updating,0.2564102564102564,0.38461538461538464,39
Frangieh_Control_IL2STAT5,Frangieh,14,random,0.28205128205128205,0.358974358974359,39
Frangieh_Control_IL2STAT5,Frangieh,14,geneformer_updating,0.1794871794871795,0.3076923076923077,39
Frangieh_Control_IL2STAT5,Frangieh,14,scgpt_updating,0.2564102564102564,0.358974358974359,39
Frangieh_Control_IL2STAT5,Frangieh,15,random,0.2564102564102564,0.20512820512820512,39
Frangieh_Control_IL2STAT5,Frangieh,15,geneformer_updating,0.20512820512820512,0.28205128205128205,39
Frangieh_Control_IL2STAT5,Frangieh,15,scgpt_updating,0.2564102564102564,0.23076923076923078,39
Frangieh_Control_IL2STAT5,Frangieh,16,random,0.3333333333333333,0.28205128205128205,39
Frangieh_Control_IL2STAT5,Frangieh,16,geneformer_updating,0.23076923076923078,0.23076923076923078,39
Frangieh_Control_IL2STAT5,Frangieh,16,scgpt_updating,0.20512820512820512,0.23076923076923078,39
Frangieh_Control_IL2STAT5,Frangieh,17,random,0.2564102564102564,0.3076923076923077,39
Frangieh_Control_IL2STAT5,Frangieh,17,geneformer_updating,0.23076923076923078,0.20512820512820512,39
Frangieh_Control_IL2STAT5,Frangieh,17,scgpt_updating,0.28205128205128205,0.23076923076923078,39
Frangieh_Control_IL2STAT5,Frangieh,18,random,0.23076923076923078,0.2564102564102564,39
Frangieh_Control_IL2STAT5,Frangieh,18,geneformer_updating,0.23076923076923078,0.20512820512820512,39
Frangieh_Control_IL2STAT5,Frangieh,18,scgpt_updating,0.2564102564102564,0.28205128205128205,39
Frangieh_Control_IL2STAT5,Frangieh,19,random,0.3333333333333333,0.28205128205128205,39
Frangieh_Control_IL2STAT5,Frangieh,19,geneformer_updating,0.20512820512820512,0.38461538461538464,39
Frangieh_Control_IL2STAT5,Frangieh,19,scgpt_updating,0.1794871794871795,0.28205128205128205,39
Frangieh_Control_IL2STAT5,Frangieh,20,random,0.2564102564102564,0.23076923076923078,39
Frangieh_Control_IL2STAT5,Frangieh,20,geneformer_updating,0.20512820512820512,0.3076923076923077,39
Frangieh_Control_IL2STAT5,Frangieh,20,scgpt_updating,0.23076923076923078,0.2564102564102564,39
Frangieh_Control_IL2STAT5,Frangieh,21,random,0.23076923076923078,0.3076923076923077,39
Frangieh_Control_IL2STAT5,Frangieh,21,geneformer_updating,0.3076923076923077,0.358974358974359,39
Frangieh_Control_IL2STAT5,Frangieh,21,scgpt_updating,0.1794871794871795,0.28205128205128205,39
Frangieh_Control_IL2STAT5,Frangieh,22,random,0.23076923076923078,0.358974358974359,39
Frangieh_Control_IL2STAT5,Frangieh,22,geneformer_updating,0.20512820512820512,0.28205128205128205,39
Frangieh_Control_IL2STAT5,Frangieh,22,scgpt_updating,0.20512820512820512,0.358974358974359,39
Frangieh_Control_IL2STAT5,Frangieh,23,random,0.28205128205128205,0.20512820512820512,39
Frangieh_Control_IL2STAT5,Frangieh,23,geneformer_updating,0.1794871794871795,0.23076923076923078,39
Frangieh_Control_IL2STAT5,Frangieh,23,scgpt_updating,0.1794871794871795,0.3333333333333333,39
Frangieh_Control_IL2STAT5,Frangieh,24,random,0.28205128205128205,0.3076923076923077,39
Frangieh_Control_IL2STAT5,Frangieh,24,geneformer_updating,0.28205128205128205,0.28205128205128205,39
Frangieh_Control_IL2STAT5,Frangieh,24,scgpt_updating,0.3333333333333333,0.41025641025641024,39
Frangieh_Control_IL2STAT5,Frangieh,25,random,0.3333333333333333,0.3076923076923077,39
Frangieh_Control_IL2STAT5,Frangieh,25,geneformer_updating,0.23076923076923078,0.2564102564102564,39
Frangieh_Control_IL2STAT5,Frangieh,25,scgpt_updating,0.28205128205128205,0.2564102564102564,39
Frangieh_Control_IL2STAT5,Frangieh,26,random,0.20512820512820512,0.46153846153846156,39
Frangieh_Control_IL2STAT5,Frangieh,26,geneformer_updating,0.2564102564102564,0.38461538461538464,39
Frangieh_Control_IL2STAT5,Frangieh,26,scgpt_updating,0.1794871794871795,0.3333333333333333,39
Frangieh_Control_IL2STAT5,Frangieh,27,random,0.28205128205128205,0.3076923076923077,39
Frangieh_Control_IL2STAT5,Frangieh,27,geneformer_updating,0.20512820512820512,0.3333333333333333,39
Frangieh_Control_IL2STAT5,Frangieh,27,scgpt_updating,0.28205128205128205,0.358974358974359,39
Frangieh_Control_IL2STAT5,Frangieh,28,random,0.20512820512820512,0.20512820512820512,39
Frangieh_Control_IL2STAT5,Frangieh,28,geneformer_updating,0.1794871794871795,0.3076923076923077,39
Frangieh_Control_IL2STAT5,Frangieh,28,scgpt_updating,0.15384615384615385,0.3076923076923077,39
Frangieh_Control_IL2STAT5,Frangieh,29,random,0.3333333333333333,0.3333333333333333,39
Frangieh_Control_IL2STAT5,Frangieh,29,geneformer_updating,0.20512820512820512,0.23076923076923078,39
Frangieh_Control_IL2STAT5,Frangieh,29,scgpt_updating,0.28205128205128205,0.2564102564102564,39
Frangieh_IFNg_IFNG,Frangieh,0,random,0.3023255813953488,0.27906976744186046,43
Frangieh_IFNg_IFNG,Frangieh,0,geneformer_updating,0.20930232558139536,0.23255813953488372,43
Frangieh_IFNg_IFNG,Frangieh,0,scgpt_updating,0.2558139534883721,0.18604651162790697,43
Frangieh_IFNg_IFNG,Frangieh,1,random,0.2558139534883721,0.2558139534883721,43
Frangieh_IFNg_IFNG,Frangieh,1,geneformer_updating,0.20930232558139536,0.27906976744186046,43
Frangieh_IFNg_IFNG,Frangieh,1,scgpt_updating,0.23255813953488372,0.3023255813953488,43
Frangieh_IFNg_IFNG,Frangieh,2,random,0.27906976744186046,0.2558139534883721,43
Frangieh_IFNg_IFNG,Frangieh,2,geneformer_updating,0.3488372093023256,0.23255813953488372,43
Frangieh_IFNg_IFNG,Frangieh,2,scgpt_updating,0.37209302325581395,0.3023255813953488,43
Frangieh_IFNg_IFNG,Frangieh,3,random,0.23255813953488372,0.32558139534883723,43
Frangieh_IFNg_IFNG,Frangieh,3,geneformer_updating,0.3023255813953488,0.23255813953488372,43
Frangieh_IFNg_IFNG,Frangieh,3,scgpt_updating,0.23255813953488372,0.27906976744186046,43
Frangieh_IFNg_IFNG,Frangieh,4,random,0.3023255813953488,0.18604651162790697,43
Frangieh_IFNg_IFNG,Frangieh,4,geneformer_updating,0.4186046511627907,0.32558139534883723,43
Frangieh_IFNg_IFNG,Frangieh,4,scgpt_updating,0.3488372093023256,0.23255813953488372,43
Frangieh_IFNg_IFNG,Frangieh,5,random,0.32558139534883723,0.23255813953488372,43
Frangieh_IFNg_IFNG,Frangieh,5,geneformer_updating,0.27906976744186046,0.23255813953488372,43
Frangieh_IFNg_IFNG,Frangieh,5,scgpt_updating,0.2558139534883721,0.3023255813953488,43
Frangieh_IFNg_IFNG,Frangieh,6,random,0.27906976744186046,0.3488372093023256,43
Frangieh_IFNg_IFNG,Frangieh,6,geneformer_updating,0.23255813953488372,0.27906976744186046,43
Frangieh_IFNg_IFNG,Frangieh,6,scgpt_updating,0.2558139534883721,0.3023255813953488,43
Frangieh_IFNg_IFNG,Frangieh,7,random,0.3023255813953488,0.27906976744186046,43
Frangieh_IFNg_IFNG,Frangieh,7,geneformer_updating,0.2558139534883721,0.23255813953488372,43
Frangieh_IFNg_IFNG,Frangieh,7,scgpt_updating,0.27906976744186046,0.32558139534883723,43
Frangieh_IFNg_IFNG,Frangieh,8,random,0.27906976744186046,0.27906976744186046,43
Frangieh_IFNg_IFNG,Frangieh,8,geneformer_updating,0.37209302325581395,0.27906976744186046,43
Frangieh_IFNg_IFNG,Frangieh,8,scgpt_updating,0.32558139534883723,0.23255813953488372,43
Frangieh_IFNg_IFNG,Frangieh,9,random,0.2558139534883721,0.27906976744186046,43
Frangieh_IFNg_IFNG,Frangieh,9,geneformer_updating,0.27906976744186046,0.2558139534883721,43
Frangieh_IFNg_IFNG,Frangieh,9,scgpt_updating,0.27906976744186046,0.2558139534883721,43
Frangieh_IFNg_IFNG,Frangieh,10,random,0.3023255813953488,0.27906976744186046,43
Frangieh_IFNg_IFNG,Frangieh,10,geneformer_updating,0.3488372093023256,0.27906976744186046,43
Frangieh_IFNg_IFNG,Frangieh,10,scgpt_updating,0.3488372093023256,0.32558139534883723,43
Frangieh_IFNg_IFNG,Frangieh,11,random,0.20930232558139536,0.20930232558139536,43
Frangieh_IFNg_IFNG,Frangieh,11,geneformer_updating,0.37209302325581395,0.32558139534883723,43
Frangieh_IFNg_IFNG,Frangieh,11,scgpt_updating,0.27906976744186046,0.3023255813953488,43
Frangieh_IFNg_IFNG,Frangieh,12,random,0.3488372093023256,0.3953488372093023,43
Frangieh_IFNg_IFNG,Frangieh,12,geneformer_updating,0.37209302325581395,0.27906976744186046,43
Frangieh_IFNg_IFNG,Frangieh,12,scgpt_updating,0.3488372093023256,0.20930232558139536,43
Frangieh_IFNg_IFNG,Frangieh,13,random,0.3023255813953488,0.20930232558139536,43
Frangieh_IFNg_IFNG,Frangieh,13,geneformer_updating,0.3953488372093023,0.3023255813953488,43
Frangieh_IFNg_IFNG,Frangieh,13,scgpt_updating,0.3488372093023256,0.2558139534883721,43
Frangieh_IFNg_IFNG,Frangieh,14,random,0.2558139534883721,0.32558139534883723,43
Frangieh_IFNg_IFNG,Frangieh,14,geneformer_updating,0.23255813953488372,0.2558139534883721,43
Frangieh_IFNg_IFNG,Frangieh,14,scgpt_updating,0.20930232558139536,0.27906976744186046,43
Frangieh_IFNg_IFNG,Frangieh,15,random,0.27906976744186046,0.3023255813953488,43
Frangieh_IFNg_IFNG,Frangieh,15,geneformer_updating,0.2558139534883721,0.18604651162790697,43
Frangieh_IFNg_IFNG,Frangieh,15,scgpt_updating,0.27906976744186046,0.27906976744186046,43
Frangieh_IFNg_IFNG,Frangieh,16,random,0.32558139534883723,0.37209302325581395,43
Frangieh_IFNg_IFNG,Frangieh,16,geneformer_updating,0.20930232558139536,0.32558139534883723,43
Frangieh_IFNg_IFNG,Frangieh,16,scgpt_updating,0.23255813953488372,0.37209302325581395,43
Frangieh_IFNg_IFNG,Frangieh,17,random,0.3023255813953488,0.3023255813953488,43
Frangieh_IFNg_IFNG,Frangieh,17,geneformer_updating,0.32558139534883723,0.27906976744186046,43
Frangieh_IFNg_IFNG,Frangieh,17,scgpt_updating,0.23255813953488372,0.2558139534883721,43
Frangieh_IFNg_IFNG,Frangieh,18,random,0.20930232558139536,0.18604651162790697,43
Frangieh_IFNg_IFNG,Frangieh,18,geneformer_updating,0.32558139534883723,0.3488372093023256,43
Frangieh_IFNg_IFNG,Frangieh,18,scgpt_updating,0.3488372093023256,0.23255813953488372,43
Frangieh_IFNg_IFNG,Frangieh,19,random,0.2558139534883721,0.23255813953488372,43
Frangieh_IFNg_IFNG,Frangieh,19,geneformer_updating,0.3488372093023256,0.37209302325581395,43
Frangieh_IFNg_IFNG,Frangieh,19,scgpt_updating,0.2558139534883721,0.3023255813953488,43
Frangieh_IFNg_IFNG,Frangieh,20,random,0.3023255813953488,0.27906976744186046,43
Frangieh_IFNg_IFNG,Frangieh,20,geneformer_updating,0.27906976744186046,0.3488372093023256,43
Frangieh_IFNg_IFNG,Frangieh,20,scgpt_updating,0.32558139534883723,0.3023255813953488,43
Frangieh_IFNg_IFNG,Frangieh,21,random,0.2558139534883721,0.27906976744186046,43
Frangieh_IFNg_IFNG,Frangieh,21,geneformer_updating,0.37209302325581395,0.32558139534883723,43
Frangieh_IFNg_IFNG,Frangieh,21,scgpt_updating,0.32558139534883723,0.23255813953488372,43
Frangieh_IFNg_IFNG,Frangieh,22,random,0.23255813953488372,0.3488372093023256,43
Frangieh_IFNg_IFNG,Frangieh,22,geneformer_updating,0.23255813953488372,0.18604651162790697,43
Frangieh_IFNg_IFNG,Frangieh,22,scgpt_updating,0.3023255813953488,0.23255813953488372,43
Frangieh_IFNg_IFNG,Frangieh,23,random,0.2558139534883721,0.27906976744186046,43
Frangieh_IFNg_IFNG,Frangieh,23,geneformer_updating,0.27906976744186046,0.3023255813953488,43
Frangieh_IFNg_IFNG,Frangieh,23,scgpt_updating,0.32558139534883723,0.27906976744186046,43
Frangieh_IFNg_IFNG,Frangieh,24,random,0.37209302325581395,0.3488372093023256,43
Frangieh_IFNg_IFNG,Frangieh,24,geneformer_updating,0.27906976744186046,0.2558139534883721,43
Frangieh_IFNg_IFNG,Frangieh,24,scgpt_updating,0.13953488372093023,0.27906976744186046,43
Frangieh_IFNg_IFNG,Frangieh,25,random,0.32558139534883723,0.32558139534883723,43
Frangieh_IFNg_IFNG,Frangieh,25,geneformer_updating,0.32558139534883723,0.3953488372093023,43
Frangieh_IFNg_IFNG,Frangieh,25,scgpt_updating,0.3023255813953488,0.32558139534883723,43
Frangieh_IFNg_IFNG,Frangieh,26,random,0.2558139534883721,0.3488372093023256,43
Frangieh_IFNg_IFNG,Frangieh,26,geneformer_updating,0.32558139534883723,0.3488372093023256,43
Frangieh_IFNg_IFNG,Frangieh,26,scgpt_updating,0.27906976744186046,0.3023255813953488,43
Frangieh_IFNg_IFNG,Frangieh,27,random,0.3488372093023256,0.23255813953488372,43
Frangieh_IFNg_IFNG,Frangieh,27,geneformer_updating,0.20930232558139536,0.27906976744186046,43
Frangieh_IFNg_IFNG,Frangieh,27,scgpt_updating,0.20930232558139536,0.18604651162790697,43
Frangieh_IFNg_IFNG,Frangieh,28,random,0.37209302325581395,0.3023255813953488,43
Frangieh_IFNg_IFNG,Frangieh,28,geneformer_updating,0.3953488372093023,0.27906976744186046,43
Frangieh_IFNg_IFNG,Frangieh,28,scgpt_updating,0.3023255813953488,0.2558139534883721,43
Frangieh_IFNg_IFNG,Frangieh,29,random,0.32558139534883723,0.2558139534883721,43
Frangieh_IFNg_IFNG,Frangieh,29,geneformer_updating,0.27906976744186046,0.2558139534883721,43
Frangieh_IFNg_IFNG,Frangieh,29,scgpt_updating,0.18604651162790697,0.27906976744186046,43
Frangieh_IFNg_TNFA,Frangieh,0,random,0.3953488372093023,0.20930232558139536,43
Frangieh_IFNg_TNFA,Frangieh,0,geneformer_updating,0.3488372093023256,0.18604651162790697,43
Frangieh_IFNg_TNFA,Frangieh,0,scgpt_updating,0.27906976744186046,0.20930232558139536,43
Frangieh_IFNg_TNFA,Frangieh,1,random,0.37209302325581395,0.27906976744186046,43
Frangieh_IFNg_TNFA,Frangieh,1,geneformer_updating,0.4186046511627907,0.3023255813953488,43
Frangieh_IFNg_TNFA,Frangieh,1,scgpt_updating,0.4186046511627907,0.23255813953488372,43
Frangieh_IFNg_TNFA,Frangieh,2,random,0.3953488372093023,0.23255813953488372,43
Frangieh_IFNg_TNFA,Frangieh,2,geneformer_updating,0.3023255813953488,0.20930232558139536,43
Frangieh_IFNg_TNFA,Frangieh,2,scgpt_updating,0.4418604651162791,0.13953488372093023,43
Frangieh_IFNg_TNFA,Frangieh,3,random,0.4883720930232558,0.32558139534883723,43
Frangieh_IFNg_TNFA,Frangieh,3,geneformer_updating,0.46511627906976744,0.23255813953488372,43
Frangieh_IFNg_TNFA,Frangieh,3,scgpt_updating,0.3488372093023256,0.16279069767441862,43
Frangieh_IFNg_TNFA,Frangieh,4,random,0.46511627906976744,0.32558139534883723,43
Frangieh_IFNg_TNFA,Frangieh,4,geneformer_updating,0.4186046511627907,0.23255813953488372,43
Frangieh_IFNg_TNFA,Frangieh,4,scgpt_updating,0.46511627906976744,0.32558139534883723,43
Frangieh_IFNg_TNFA,Frangieh,5,random,0.4186046511627907,0.32558139534883723,43
Frangieh_IFNg_TNFA,Frangieh,5,geneformer_updating,0.37209302325581395,0.27906976744186046,43
Frangieh_IFNg_TNFA,Frangieh,5,scgpt_updating,0.46511627906976744,0.32558139534883723,43
Frangieh_IFNg_TNFA,Frangieh,6,random,0.4186046511627907,0.16279069767441862,43
Frangieh_IFNg_TNFA,Frangieh,6,geneformer_updating,0.4418604651162791,0.16279069767441862,43
Frangieh_IFNg_TNFA,Frangieh,6,scgpt_updating,0.4186046511627907,0.27906976744186046,43
Frangieh_IFNg_TNFA,Frangieh,7,random,0.3953488372093023,0.18604651162790697,43
Frangieh_IFNg_TNFA,Frangieh,7,geneformer_updating,0.3953488372093023,0.27906976744186046,43
Frangieh_IFNg_TNFA,Frangieh,7,scgpt_updating,0.37209302325581395,0.18604651162790697,43
Frangieh_IFNg_TNFA,Frangieh,8,random,0.4418604651162791,0.18604651162790697,43
Frangieh_IFNg_TNFA,Frangieh,8,geneformer_updating,0.4418604651162791,0.20930232558139536,43
Frangieh_IFNg_TNFA,Frangieh,8,scgpt_updating,0.46511627906976744,0.16279069767441862,43
Frangieh_IFNg_TNFA,Frangieh,9,random,0.37209302325581395,0.13953488372093023,43
Frangieh_IFNg_TNFA,Frangieh,9,geneformer_updating,0.32558139534883723,0.18604651162790697,43
Frangieh_IFNg_TNFA,Frangieh,9,scgpt_updating,0.37209302325581395,0.2558139534883721,43
Frangieh_IFNg_TNFA,Frangieh,10,random,0.3953488372093023,0.2558139534883721,43
Frangieh_IFNg_TNFA,Frangieh,10,geneformer_updating,0.3488372093023256,0.2558139534883721,43
Frangieh_IFNg_TNFA,Frangieh,10,scgpt_updating,0.32558139534883723,0.2558139534883721,43
Frangieh_IFNg_TNFA,Frangieh,11,random,0.37209302325581395,0.3023255813953488,43
Frangieh_IFNg_TNFA,Frangieh,11,geneformer_updating,0.4883720930232558,0.2558139534883721,43
Frangieh_IFNg_TNFA,Frangieh,11,scgpt_updating,0.37209302325581395,0.2558139534883721,43
Frangieh_IFNg_TNFA,Frangieh,12,random,0.4418604651162791,0.20930232558139536,43
Frangieh_IFNg_TNFA,Frangieh,12,geneformer_updating,0.3953488372093023,0.18604651162790697,43
Frangieh_IFNg_TNFA,Frangieh,12,scgpt_updating,0.32558139534883723,0.20930232558139536,43
Frangieh_IFNg_TNFA,Frangieh,13,random,0.37209302325581395,0.18604651162790697,43
Frangieh_IFNg_TNFA,Frangieh,13,geneformer_updating,0.4418604651162791,0.23255813953488372,43
Frangieh_IFNg_TNFA,Frangieh,13,scgpt_updating,0.4186046511627907,0.27906976744186046,43
Frangieh_IFNg_TNFA,Frangieh,14,random,0.3953488372093023,0.20930232558139536,43
Frangieh_IFNg_TNFA,Frangieh,14,geneformer_updating,0.5116279069767442,0.23255813953488372,43
Frangieh_IFNg_TNFA,Frangieh,14,scgpt_updating,0.3488372093023256,0.16279069767441862,43
Frangieh_IFNg_TNFA,Frangieh,15,random,0.5348837209302325,0.20930232558139536,43
Frangieh_IFNg_TNFA,Frangieh,15,geneformer_updating,0.4883720930232558,0.13953488372093023,43
Frangieh_IFNg_TNFA,Frangieh,15,scgpt_updating,0.46511627906976744,0.16279069767441862,43
Frangieh_IFNg_TNFA,Frangieh,16,random,0.4186046511627907,0.32558139534883723,43
Frangieh_IFNg_TNFA,Frangieh,16,geneformer_updating,0.46511627906976744,0.16279069767441862,43
Frangieh_IFNg_TNFA,Frangieh,16,scgpt_updating,0.4186046511627907,0.27906976744186046,43
Frangieh_IFNg_TNFA,Frangieh,17,random,0.37209302325581395,0.16279069767441862,43
Frangieh_IFNg_TNFA,Frangieh,17,geneformer_updating,0.4186046511627907,0.27906976744186046,43
Frangieh_IFNg_TNFA,Frangieh,17,scgpt_updating,0.37209302325581395,0.3023255813953488,43
Frangieh_IFNg_TNFA,Frangieh,18,random,0.37209302325581395,0.3023255813953488,43
Frangieh_IFNg_TNFA,Frangieh,18,geneformer_updating,0.4883720930232558,0.23255813953488372,43
Frangieh_IFNg_TNFA,Frangieh,18,scgpt_updating,0.3953488372093023,0.3488372093023256,43
Frangieh_IFNg_TNFA,Frangieh,19,random,0.46511627906976744,0.16279069767441862,43
Frangieh_IFNg_TNFA,Frangieh,19,geneformer_updating,0.46511627906976744,0.11627906976744186,43
Frangieh_IFNg_TNFA,Frangieh,19,scgpt_updating,0.4186046511627907,0.18604651162790697,43
Frangieh_IFNg_TNFA,Frangieh,20,random,0.37209302325581395,0.11627906976744186,43
Frangieh_IFNg_TNFA,Frangieh,20,geneformer_updating,0.5116279069767442,0.16279069767441862,43
Frangieh_IFNg_TNFA,Frangieh,20,scgpt_updating,0.4186046511627907,0.2558139534883721,43
Frangieh_IFNg_TNFA,Frangieh,21,random,0.5116279069767442,0.16279069767441862,43
Frangieh_IFNg_TNFA,Frangieh,21,geneformer_updating,0.4883720930232558,0.18604651162790697,43
Frangieh_IFNg_TNFA,Frangieh,21,scgpt_updating,0.4883720930232558,0.2558139534883721,43
Frangieh_IFNg_TNFA,Frangieh,22,random,0.4883720930232558,0.27906976744186046,43
Frangieh_IFNg_TNFA,Frangieh,22,geneformer_updating,0.4418604651162791,0.18604651162790697,43
Frangieh_IFNg_TNFA,Frangieh,22,scgpt_updating,0.4418604651162791,0.27906976744186046,43
Frangieh_IFNg_TNFA,Frangieh,23,random,0.4186046511627907,0.16279069767441862,43
Frangieh_IFNg_TNFA,Frangieh,23,geneformer_updating,0.4418604651162791,0.20930232558139536,43
Frangieh_IFNg_TNFA,Frangieh,23,scgpt_updating,0.3023255813953488,0.2558139534883721,43
Frangieh_IFNg_TNFA,Frangieh,24,random,0.32558139534883723,0.23255813953488372,43
Frangieh_IFNg_TNFA,Frangieh,24,geneformer_updating,0.4418604651162791,0.18604651162790697,43
Frangieh_IFNg_TNFA,Frangieh,24,scgpt_updating,0.3488372093023256,0.16279069767441862,43
Frangieh_IFNg_TNFA,Frangieh,25,random,0.4418604651162791,0.20930232558139536,43
Frangieh_IFNg_TNFA,Frangieh,25,geneformer_updating,0.3488372093023256,0.3023255813953488,43
Frangieh_IFNg_TNFA,Frangieh,25,scgpt_updating,0.37209302325581395,0.27906976744186046,43
Frangieh_IFNg_TNFA,Frangieh,26,random,0.3023255813953488,0.23255813953488372,43
Frangieh_IFNg_TNFA,Frangieh,26,geneformer_updating,0.3953488372093023,0.20930232558139536,43
Frangieh_IFNg_TNFA,Frangieh,26,scgpt_updating,0.32558139534883723,0.32558139534883723,43
Frangieh_IFNg_TNFA,Frangieh,27,random,0.37209302325581395,0.20930232558139536,43
Frangieh_IFNg_TNFA,Frangieh,27,geneformer_updating,0.3488372093023256,0.16279069767441862,43
Frangieh_IFNg_TNFA,Frangieh,27,scgpt_updating,0.3953488372093023,0.23255813953488372,43
Frangieh_IFNg_TNFA,Frangieh,28,random,0.3953488372093023,0.20930232558139536,43
Frangieh_IFNg_TNFA,Frangieh,28,geneformer_updating,0.46511627906976744,0.20930232558139536,43
Frangieh_IFNg_TNFA,Frangieh,28,scgpt_updating,0.4186046511627907,0.18604651162790697,43
Frangieh_IFNg_TNFA,Frangieh,29,random,0.4186046511627907,0.20930232558139536,43
Frangieh_IFNg_TNFA,Frangieh,29,geneformer_updating,0.32558139534883723,0.20930232558139536,43
Frangieh_IFNg_TNFA,Frangieh,29,scgpt_updating,0.46511627906976744,0.20930232558139536,43
Frangieh_IFNg_IL2STAT5,Frangieh,0,random,0.4883720930232558,0.23255813953488372,43
Frangieh_IFNg_IL2STAT5,Frangieh,0,geneformer_updating,0.4418604651162791,0.18604651162790697,43
Frangieh_IFNg_IL2STAT5,Frangieh,0,scgpt_updating,0.3953488372093023,0.23255813953488372,43
Frangieh_IFNg_IL2STAT5,Frangieh,1,random,0.4186046511627907,0.32558139534883723,43
Frangieh_IFNg_IL2STAT5,Frangieh,1,geneformer_updating,0.4883720930232558,0.20930232558139536,43
Frangieh_IFNg_IL2STAT5,Frangieh,1,scgpt_updating,0.4883720930232558,0.20930232558139536,43
Frangieh_IFNg_IL2STAT5,Frangieh,2,random,0.4883720930232558,0.3023255813953488,43
Frangieh_IFNg_IL2STAT5,Frangieh,2,geneformer_updating,0.2558139534883721,0.23255813953488372,43
Frangieh_IFNg_IL2STAT5,Frangieh,2,scgpt_updating,0.3953488372093023,0.2558139534883721,43
Frangieh_IFNg_IL2STAT5,Frangieh,3,random,0.4418604651162791,0.2558139534883721,43
Frangieh_IFNg_IL2STAT5,Frangieh,3,geneformer_updating,0.2558139534883721,0.20930232558139536,43
Frangieh_IFNg_IL2STAT5,Frangieh,3,scgpt_updating,0.4418604651162791,0.20930232558139536,43
Frangieh_IFNg_IL2STAT5,Frangieh,4,random,0.4883720930232558,0.18604651162790697,43
Frangieh_IFNg_IL2STAT5,Frangieh,4,geneformer_updating,0.4883720930232558,0.23255813953488372,43
Frangieh_IFNg_IL2STAT5,Frangieh,4,scgpt_updating,0.4883720930232558,0.13953488372093023,43
Frangieh_IFNg_IL2STAT5,Frangieh,5,random,0.4418604651162791,0.23255813953488372,43
Frangieh_IFNg_IL2STAT5,Frangieh,5,geneformer_updating,0.4186046511627907,0.20930232558139536,43
Frangieh_IFNg_IL2STAT5,Frangieh,5,scgpt_updating,0.5348837209302325,0.16279069767441862,43
Frangieh_IFNg_IL2STAT5,Frangieh,6,random,0.46511627906976744,0.27906976744186046,43
Frangieh_IFNg_IL2STAT5,Frangieh,6,geneformer_updating,0.5348837209302325,0.2558139534883721,43
Frangieh_IFNg_IL2STAT5,Frangieh,6,scgpt_updating,0.4418604651162791,0.20930232558139536,43
Frangieh_IFNg_IL2STAT5,Frangieh,7,random,0.3488372093023256,0.3023255813953488,43
Frangieh_IFNg_IL2STAT5,Frangieh,7,geneformer_updating,0.4883720930232558,0.23255813953488372,43
Frangieh_IFNg_IL2STAT5,Frangieh,7,scgpt_updating,0.3953488372093023,0.32558139534883723,43
Frangieh_IFNg_IL2STAT5,Frangieh,8,random,0.46511627906976744,0.18604651162790697,43
Frangieh_IFNg_IL2STAT5,Frangieh,8,geneformer_updating,0.5116279069767442,0.23255813953488372,43
Frangieh_IFNg_IL2STAT5,Frangieh,8,scgpt_updating,0.5813953488372093,0.27906976744186046,43
Frangieh_IFNg_IL2STAT5,Frangieh,9,random,0.4186046511627907,0.2558139534883721,43
Frangieh_IFNg_IL2STAT5,Frangieh,9,geneformer_updating,0.46511627906976744,0.27906976744186046,43
Frangieh_IFNg_IL2STAT5,Frangieh,9,scgpt_updating,0.4883720930232558,0.23255813953488372,43
Frangieh_IFNg_IL2STAT5,Frangieh,10,random,0.37209302325581395,0.2558139534883721,43
Frangieh_IFNg_IL2STAT5,Frangieh,10,geneformer_updating,0.4418604651162791,0.2558139534883721,43
Frangieh_IFNg_IL2STAT5,Frangieh,10,scgpt_updating,0.37209302325581395,0.16279069767441862,43
Frangieh_IFNg_IL2STAT5,Frangieh,11,random,0.4418604651162791,0.23255813953488372,43
Frangieh_IFNg_IL2STAT5,Frangieh,11,geneformer_updating,0.32558139534883723,0.23255813953488372,43
Frangieh_IFNg_IL2STAT5,Frangieh,11,scgpt_updating,0.32558139534883723,0.18604651162790697,43
Frangieh_IFNg_IL2STAT5,Frangieh,12,random,0.5581395348837209,0.3488372093023256,43
Frangieh_IFNg_IL2STAT5,Frangieh,12,geneformer_updating,0.46511627906976744,0.3023255813953488,43
Frangieh_IFNg_IL2STAT5,Frangieh,12,scgpt_updating,0.5116279069767442,0.20930232558139536,43
Frangieh_IFNg_IL2STAT5,Frangieh,13,random,0.3488372093023256,0.16279069767441862,43
Frangieh_IFNg_IL2STAT5,Frangieh,13,geneformer_updating,0.4186046511627907,0.23255813953488372,43
Frangieh_IFNg_IL2STAT5,Frangieh,13,scgpt_updating,0.46511627906976744,0.23255813953488372,43
Frangieh_IFNg_IL2STAT5,Frangieh,14,random,0.4186046511627907,0.16279069767441862,43
Frangieh_IFNg_IL2STAT5,Frangieh,14,geneformer_updating,0.37209302325581395,0.18604651162790697,43
Frangieh_IFNg_IL2STAT5,Frangieh,14,scgpt_updating,0.4418604651162791,0.20930232558139536,43
Frangieh_IFNg_IL2STAT5,Frangieh,15,random,0.3023255813953488,0.32558139534883723,43
Frangieh_IFNg_IL2STAT5,Frangieh,15,geneformer_updating,0.4186046511627907,0.13953488372093023,43
Frangieh_IFNg_IL2STAT5,Frangieh,15,scgpt_updating,0.46511627906976744,0.2558139534883721,43
Frangieh_IFNg_IL2STAT5,Frangieh,16,random,0.5813953488372093,0.3488372093023256,43
Frangieh_IFNg_IL2STAT5,Frangieh,16,geneformer_updating,0.5581395348837209,0.3023255813953488,43
Frangieh_IFNg_IL2STAT5,Frangieh,16,scgpt_updating,0.5348837209302325,0.27906976744186046,43
Frangieh_IFNg_IL2STAT5,Frangieh,17,random,0.3953488372093023,0.2558139534883721,43
Frangieh_IFNg_IL2STAT5,Frangieh,17,geneformer_updating,0.3953488372093023,0.23255813953488372,43
Frangieh_IFNg_IL2STAT5,Frangieh,17,scgpt_updating,0.46511627906976744,0.23255813953488372,43
Frangieh_IFNg_IL2STAT5,Frangieh,18,random,0.4418604651162791,0.11627906976744186,43
Frangieh_IFNg_IL2STAT5,Frangieh,18,geneformer_updating,0.46511627906976744,0.23255813953488372,43
Frangieh_IFNg_IL2STAT5,Frangieh,18,scgpt_updating,0.4883720930232558,0.2558139534883721,43
Frangieh_IFNg_IL2STAT5,Frangieh,19,random,0.37209302325581395,0.23255813953488372,43
Frangieh_IFNg_IL2STAT5,Frangieh,19,geneformer_updating,0.4418604651162791,0.27906976744186046,43
Frangieh_IFNg_IL2STAT5,Frangieh,19,scgpt_updating,0.5813953488372093,0.23255813953488372,43
Frangieh_IFNg_IL2STAT5,Frangieh,20,random,0.46511627906976744,0.20930232558139536,43
Frangieh_IFNg_IL2STAT5,Frangieh,20,geneformer_updating,0.5116279069767442,0.20930232558139536,43
Frangieh_IFNg_IL2STAT5,Frangieh,20,scgpt_updating,0.5581395348837209,0.2558139534883721,43
Frangieh_IFNg_IL2STAT5,Frangieh,21,random,0.46511627906976744,0.27906976744186046,43
Frangieh_IFNg_IL2STAT5,Frangieh,21,geneformer_updating,0.4418604651162791,0.18604651162790697,43
Frangieh_IFNg_IL2STAT5,Frangieh,21,scgpt_updating,0.6046511627906976,0.23255813953488372,43
Frangieh_IFNg_IL2STAT5,Frangieh,22,random,0.5116279069767442,0.27906976744186046,43
Frangieh_IFNg_IL2STAT5,Frangieh,22,geneformer_updating,0.4186046511627907,0.20930232558139536,43
Frangieh_IFNg_IL2STAT5,Frangieh,22,scgpt_updating,0.4883720930232558,0.23255813953488372,43
Frangieh_IFNg_IL2STAT5,Frangieh,23,random,0.46511627906976744,0.2558139534883721,43
Frangieh_IFNg_IL2STAT5,Frangieh,23,geneformer_updating,0.46511627906976744,0.18604651162790697,43
Frangieh_IFNg_IL2STAT5,Frangieh,23,scgpt_updating,0.4418604651162791,0.3023255813953488,43
Frangieh_IFNg_IL2STAT5,Frangieh,24,random,0.3953488372093023,0.3023255813953488,43
Frangieh_IFNg_IL2STAT5,Frangieh,24,geneformer_updating,0.37209302325581395,0.16279069767441862,43
Frangieh_IFNg_IL2STAT5,Frangieh,24,scgpt_updating,0.3488372093023256,0.3023255813953488,43
Frangieh_IFNg_IL2STAT5,Frangieh,25,random,0.5116279069767442,0.3023255813953488,43
Frangieh_IFNg_IL2STAT5,Frangieh,25,geneformer_updating,0.37209302325581395,0.23255813953488372,43
Frangieh_IFNg_IL2STAT5,Frangieh,25,scgpt_updating,0.5116279069767442,0.27906976744186046,43
Frangieh_IFNg_IL2STAT5,Frangieh,26,random,0.3953488372093023,0.23255813953488372,43
Frangieh_IFNg_IL2STAT5,Frangieh,26,geneformer_updating,0.37209302325581395,0.16279069767441862,43
Frangieh_IFNg_IL2STAT5,Frangieh,26,scgpt_updating,0.37209302325581395,0.2558139534883721,43
Frangieh_IFNg_IL2STAT5,Frangieh,27,random,0.4186046511627907,0.23255813953488372,43
Frangieh_IFNg_IL2STAT5,Frangieh,27,geneformer_updating,0.20930232558139536,0.18604651162790697,43
Frangieh_IFNg_IL2STAT5,Frangieh,27,scgpt_updating,0.3953488372093023,0.18604651162790697,43
Frangieh_IFNg_IL2STAT5,Frangieh,28,random,0.5348837209302325,0.18604651162790697,43
Frangieh_IFNg_IL2STAT5,Frangieh,28,geneformer_updating,0.4186046511627907,0.18604651162790697,43
Frangieh_IFNg_IL2STAT5,Frangieh,28,scgpt_updating,0.5116279069767442,0.16279069767441862,43
Frangieh_IFNg_IL2STAT5,Frangieh,29,random,0.4418604651162791,0.2558139534883721,43
Frangieh_IFNg_IL2STAT5,Frangieh,29,geneformer_updating,0.4186046511627907,0.2558139534883721,43
Frangieh_IFNg_IL2STAT5,Frangieh,29,scgpt_updating,0.4883720930232558,0.20930232558139536,43
Papalexi_IFNg_IFNG,Papalexi,0,random,0.3333333333333333,0.5,6
Papalexi_IFNg_IFNG,Papalexi,0,geneformer_updating,0.5,0.3333333333333333,6
Papalexi_IFNg_IFNG,Papalexi,0,scgpt_updating,0.16666666666666666,0.16666666666666666,6
Papalexi_IFNg_IFNG,Papalexi,1,random,0.3333333333333333,0.16666666666666666,6
Papalexi_IFNg_IFNG,Papalexi,1,geneformer_updating,0.5,0.3333333333333333,6
Papalexi_IFNg_IFNG,Papalexi,1,scgpt_updating,0.5,0.3333333333333333,6
Papalexi_IFNg_IFNG,Papalexi,2,random,0.0,0.16666666666666666,6
Papalexi_IFNg_IFNG,Papalexi,2,geneformer_updating,0.16666666666666666,0.16666666666666666,6
Papalexi_IFNg_IFNG,Papalexi,2,scgpt_updating,0.0,0.0,6
Papalexi_IFNg_IFNG,Papalexi,3,random,0.3333333333333333,0.3333333333333333,6
Papalexi_IFNg_IFNG,Papalexi,3,geneformer_updating,0.16666666666666666,0.16666666666666666,6
Papalexi_IFNg_IFNG,Papalexi,3,scgpt_updating,0.0,0.16666666666666666,6
Papalexi_IFNg_IFNG,Papalexi,4,random,0.3333333333333333,0.3333333333333333,6
Papalexi_IFNg_IFNG,Papalexi,4,geneformer_updating,0.16666666666666666,0.3333333333333333,6
Papalexi_IFNg_IFNG,Papalexi,4,scgpt_updating,0.0,0.16666666666666666,6
Papalexi_IFNg_IFNG,Papalexi,5,random,0.16666666666666666,0.0,6
Papalexi_IFNg_IFNG,Papalexi,5,geneformer_updating,0.5,0.3333333333333333,6
Papalexi_IFNg_IFNG,Papalexi,5,scgpt_updating,0.5,0.3333333333333333,6
Papalexi_IFNg_IFNG,Papalexi,6,random,0.3333333333333333,0.3333333333333333,6
Papalexi_IFNg_IFNG,Papalexi,6,geneformer_updating,0.5,0.5,6
Papalexi_IFNg_IFNG,Papalexi,6,scgpt_updating,0.5,0.3333333333333333,6
Papalexi_IFNg_IFNG,Papalexi,7,random,0.5,0.6666666666666666,6
Papalexi_IFNg_IFNG,Papalexi,7,geneformer_updating,0.3333333333333333,0.5,6
Papalexi_IFNg_IFNG,Papalexi,7,scgpt_updating,0.3333333333333333,0.16666666666666666,6
Papalexi_IFNg_IFNG,Papalexi,8,random,0.0,0.0,6
Papalexi_IFNg_IFNG,Papalexi,8,geneformer_updating,0.16666666666666666,0.16666666666666666,6
Papalexi_IFNg_IFNG,Papalexi,8,scgpt_updating,0.3333333333333333,0.16666666666666666,6
Papalexi_IFNg_IFNG,Papalexi,9,random,0.3333333333333333,0.3333333333333333,6
Papalexi_IFNg_IFNG,Papalexi,9,geneformer_updating,0.3333333333333333,0.3333333333333333,6
Papalexi_IFNg_IFNG,Papalexi,9,scgpt_updating,0.5,0.3333333333333333,6
Papalexi_IFNg_IFNG,Papalexi,10,random,0.16666666666666666,0.16666666666666666,6
Papalexi_IFNg_IFNG,Papalexi,10,geneformer_updating,0.16666666666666666,0.3333333333333333,6
Papalexi_IFNg_IFNG,Papalexi,10,scgpt_updating,0.3333333333333333,0.3333333333333333,6
Papalexi_IFNg_IFNG,Papalexi,11,random,0.16666666666666666,0.16666666666666666,6
Papalexi_IFNg_IFNG,Papalexi,11,geneformer_updating,0.3333333333333333,0.3333333333333333,6
Papalexi_IFNg_IFNG,Papalexi,11,scgpt_updating,0.3333333333333333,0.3333333333333333,6
Papalexi_IFNg_IFNG,Papalexi,12,random,0.16666666666666666,0.16666666666666666,6
Papalexi_IFNg_IFNG,Papalexi,12,geneformer_updating,0.16666666666666666,0.16666666666666666,6
Papalexi_IFNg_IFNG,Papalexi,12,scgpt_updating,0.3333333333333333,0.16666666666666666,6
Papalexi_IFNg_IFNG,Papalexi,13,random,0.3333333333333333,0.3333333333333333,6
Papalexi_IFNg_IFNG,Papalexi,13,geneformer_updating,0.5,0.5,6
Papalexi_IFNg_IFNG,Papalexi,13,scgpt_updating,0.3333333333333333,0.3333333333333333,6
Papalexi_IFNg_IFNG,Papalexi,14,random,0.3333333333333333,0.3333333333333333,6
Papalexi_IFNg_IFNG,Papalexi,14,geneformer_updating,0.3333333333333333,0.16666666666666666,6
Papalexi_IFNg_IFNG,Papalexi,14,scgpt_updating,0.3333333333333333,0.16666666666666666,6
Papalexi_IFNg_IFNG,Papalexi,15,random,0.16666666666666666,0.16666666666666666,6
Papalexi_IFNg_IFNG,Papalexi,15,geneformer_updating,0.16666666666666666,0.3333333333333333,6
Papalexi_IFNg_IFNG,Papalexi,15,scgpt_updating,0.3333333333333333,0.16666666666666666,6
Papalexi_IFNg_IFNG,Papalexi,16,random,0.5,0.5,6
Papalexi_IFNg_IFNG,Papalexi,16,geneformer_updating,0.3333333333333333,0.3333333333333333,6
Papalexi_IFNg_IFNG,Papalexi,16,scgpt_updating,0.5,0.3333333333333333,6
Papalexi_IFNg_IFNG,Papalexi,17,random,0.3333333333333333,0.16666666666666666,6
Papalexi_IFNg_IFNG,Papalexi,17,geneformer_updating,0.3333333333333333,0.16666666666666666,6
Papalexi_IFNg_IFNG,Papalexi,17,scgpt_updating,0.3333333333333333,0.16666666666666666,6
Papalexi_IFNg_IFNG,Papalexi,18,random,0.3333333333333333,0.16666666666666666,6
Papalexi_IFNg_IFNG,Papalexi,18,geneformer_updating,0.3333333333333333,0.16666666666666666,6
Papalexi_IFNg_IFNG,Papalexi,18,scgpt_updating,0.3333333333333333,0.16666666666666666,6
Papalexi_IFNg_IFNG,Papalexi,19,random,0.5,0.5,6
Papalexi_IFNg_IFNG,Papalexi,19,geneformer_updating,0.6666666666666666,0.6666666666666666,6
Papalexi_IFNg_IFNG,Papalexi,19,scgpt_updating,0.6666666666666666,0.5,6
Papalexi_IFNg_IFNG,Papalexi,20,random,0.3333333333333333,0.16666666666666666,6
Papalexi_IFNg_IFNG,Papalexi,20,geneformer_updating,0.16666666666666666,0.16666666666666666,6
Papalexi_IFNg_IFNG,Papalexi,20,scgpt_updating,0.16666666666666666,0.0,6
Papalexi_IFNg_IFNG,Papalexi,21,random,0.16666666666666666,0.16666666666666666,6
Papalexi_IFNg_IFNG,Papalexi,21,geneformer_updating,0.3333333333333333,0.16666666666666666,6
Papalexi_IFNg_IFNG,Papalexi,21,scgpt_updating,0.3333333333333333,0.3333333333333333,6
Papalexi_IFNg_IFNG,Papalexi,22,random,0.3333333333333333,0.5,6
Papalexi_IFNg_IFNG,Papalexi,22,geneformer_updating,0.16666666666666666,0.16666666666666666,6
Papalexi_IFNg_IFNG,Papalexi,22,scgpt_updating,0.5,0.3333333333333333,6
Papalexi_IFNg_IFNG,Papalexi,23,random,0.16666666666666666,0.16666666666666666,6
Papalexi_IFNg_IFNG,Papalexi,23,geneformer_updating,0.3333333333333333,0.16666666666666666,6
Papalexi_IFNg_IFNG,Papalexi,23,scgpt_updating,0.16666666666666666,0.16666666666666666,6
Papalexi_IFNg_IFNG,Papalexi,24,random,0.5,0.3333333333333333,6
Papalexi_IFNg_IFNG,Papalexi,24,geneformer_updating,0.3333333333333333,0.16666666666666666,6
Papalexi_IFNg_IFNG,Papalexi,24,scgpt_updating,0.5,0.3333333333333333,6
Papalexi_IFNg_IFNG,Papalexi,25,random,0.16666666666666666,0.16666666666666666,6
Papalexi_IFNg_IFNG,Papalexi,25,geneformer_updating,0.16666666666666666,0.16666666666666666,6
Papalexi_IFNg_IFNG,Papalexi,25,scgpt_updating,0.3333333333333333,0.16666666666666666,6
Papalexi_IFNg_IFNG,Papalexi,26,random,0.6666666666666666,0.5,6
Papalexi_IFNg_IFNG,Papalexi,26,geneformer_updating,0.3333333333333333,0.16666666666666666,6
Papalexi_IFNg_IFNG,Papalexi,26,scgpt_updating,0.3333333333333333,0.16666666666666666,6
Papalexi_IFNg_IFNG,Papalexi,27,random,0.16666666666666666,0.16666666666666666,6
Papalexi_IFNg_IFNG,Papalexi,27,geneformer_updating,0.3333333333333333,0.3333333333333333,6
Papalexi_IFNg_IFNG,Papalexi,27,scgpt_updating,0.0,0.16666666666666666,6
Papalexi_IFNg_IFNG,Papalexi,28,random,0.16666666666666666,0.16666666666666666,6
Papalexi_IFNg_IFNG,Papalexi,28,geneformer_updating,0.5,0.3333333333333333,6
Papalexi_IFNg_IFNG,Papalexi,28,scgpt_updating,0.3333333333333333,0.16666666666666666,6
Papalexi_IFNg_IFNG,Papalexi,29,random,0.5,0.3333333333333333,6
Papalexi_IFNg_IFNG,Papalexi,29,geneformer_updating,0.3333333333333333,0.3333333333333333,6
Papalexi_IFNg_IFNG,Papalexi,29,scgpt_updating,0.16666666666666666,0.16666666666666666,6
Papalexi_IFNg_TNFA,Papalexi,0,random,0.16666666666666666,0.3333333333333333,6
Papalexi_IFNg_TNFA,Papalexi,0,geneformer_updating,0.3333333333333333,0.3333333333333333,6
Papalexi_IFNg_TNFA,Papalexi,0,scgpt_updating,0.16666666666666666,0.16666666666666666,6
Papalexi_IFNg_TNFA,Papalexi,1,random,0.16666666666666666,0.16666666666666666,6
Papalexi_IFNg_TNFA,Papalexi,1,geneformer_updating,0.16666666666666666,0.16666666666666666,6
Papalexi_IFNg_TNFA,Papalexi,1,scgpt_updating,0.16666666666666666,0.16666666666666666,6
Papalexi_IFNg_TNFA,Papalexi,2,random,0.0,0.16666666666666666,6
Papalexi_IFNg_TNFA,Papalexi,2,geneformer_updating,0.0,0.0,6
Papalexi_IFNg_TNFA,Papalexi,2,scgpt_updating,0.16666666666666666,0.16666666666666666,6
Papalexi_IFNg_TNFA,Papalexi,3,random,0.16666666666666666,0.16666666666666666,6
Papalexi_IFNg_TNFA,Papalexi,3,geneformer_updating,0.0,0.0,6
Papalexi_IFNg_TNFA,Papalexi,3,scgpt_updating,0.0,0.16666666666666666,6
Papalexi_IFNg_TNFA,Papalexi,4,random,0.16666666666666666,0.3333333333333333,6
Papalexi_IFNg_TNFA,Papalexi,4,geneformer_updating,0.16666666666666666,0.3333333333333333,6
Papalexi_IFNg_TNFA,Papalexi,4,scgpt_updating,0.0,0.16666666666666666,6
Papalexi_IFNg_TNFA,Papalexi,5,random,0.16666666666666666,0.16666666666666666,6
Papalexi_IFNg_TNFA,Papalexi,5,geneformer_updating,0.3333333333333333,0.3333333333333333,6
Papalexi_IFNg_TNFA,Papalexi,5,scgpt_updating,0.3333333333333333,0.3333333333333333,6
Papalexi_IFNg_TNFA,Papalexi,6,random,0.16666666666666666,0.16666666666666666,6
Papalexi_IFNg_TNFA,Papalexi,6,geneformer_updating,0.16666666666666666,0.16666666666666666,6
Papalexi_IFNg_TNFA,Papalexi,6,scgpt_updating,0.3333333333333333,0.3333333333333333,6
Papalexi_IFNg_TNFA,Papalexi,7,random,0.16666666666666666,0.3333333333333333,6
Papalexi_IFNg_TNFA,Papalexi,7,geneformer_updating,0.3333333333333333,0.3333333333333333,6
Papalexi_IFNg_TNFA,Papalexi,7,scgpt_updating,0.16666666666666666,0.16666666666666666,6
Papalexi_IFNg_TNFA,Papalexi,8,random,0.0,0.0,6
Papalexi_IFNg_TNFA,Papalexi,8,geneformer_updating,0.16666666666666666,0.16666666666666666,6
Papalexi_IFNg_TNFA,Papalexi,8,scgpt_updating,0.3333333333333333,0.3333333333333333,6
Papalexi_IFNg_TNFA,Papalexi,9,random,0.16666666666666666,0.16666666666666666,6
Papalexi_IFNg_TNFA,Papalexi,9,geneformer_updating,0.16666666666666666,0.16666666666666666,6
Papalexi_IFNg_TNFA,Papalexi,9,scgpt_updating,0.16666666666666666,0.16666666666666666,6
Papalexi_IFNg_TNFA,Papalexi,10,random,0.16666666666666666,0.3333333333333333,6
Papalexi_IFNg_TNFA,Papalexi,10,geneformer_updating,0.0,0.16666666666666666,6
Papalexi_IFNg_TNFA,Papalexi,10,scgpt_updating,0.16666666666666666,0.3333333333333333,6
Papalexi_IFNg_TNFA,Papalexi,11,random,0.16666666666666666,0.3333333333333333,6
Papalexi_IFNg_TNFA,Papalexi,11,geneformer_updating,0.16666666666666666,0.3333333333333333,6
Papalexi_IFNg_TNFA,Papalexi,11,scgpt_updating,0.3333333333333333,0.5,6
Papalexi_IFNg_TNFA,Papalexi,12,random,0.16666666666666666,0.16666666666666666,6
Papalexi_IFNg_TNFA,Papalexi,12,geneformer_updating,0.16666666666666666,0.16666666666666666,6
Papalexi_IFNg_TNFA,Papalexi,12,scgpt_updating,0.16666666666666666,0.16666666666666666,6
Papalexi_IFNg_TNFA,Papalexi,13,random,0.16666666666666666,0.3333333333333333,6
Papalexi_IFNg_TNFA,Papalexi,13,geneformer_updating,0.16666666666666666,0.3333333333333333,6
Papalexi_IFNg_TNFA,Papalexi,13,scgpt_updating,0.3333333333333333,0.5,6
Papalexi_IFNg_TNFA,Papalexi,14,random,0.3333333333333333,0.5,6
Papalexi_IFNg_TNFA,Papalexi,14,geneformer_updating,0.16666666666666666,0.16666666666666666,6
Papalexi_IFNg_TNFA,Papalexi,14,scgpt_updating,0.3333333333333333,0.3333333333333333,6
Papalexi_IFNg_TNFA,Papalexi,15,random,0.0,0.0,6
Papalexi_IFNg_TNFA,Papalexi,15,geneformer_updating,0.0,0.16666666666666666,6
Papalexi_IFNg_TNFA,Papalexi,15,scgpt_updating,0.0,0.0,6
Papalexi_IFNg_TNFA,Papalexi,16,random,0.16666666666666666,0.16666666666666666,6
Papalexi_IFNg_TNFA,Papalexi,16,geneformer_updating,0.3333333333333333,0.3333333333333333,6
Papalexi_IFNg_TNFA,Papalexi,16,scgpt_updating,0.3333333333333333,0.3333333333333333,6
Papalexi_IFNg_TNFA,Papalexi,17,random,0.3333333333333333,0.3333333333333333,6
Papalexi_IFNg_TNFA,Papalexi,17,geneformer_updating,0.16666666666666666,0.16666666666666666,6
Papalexi_IFNg_TNFA,Papalexi,17,scgpt_updating,0.3333333333333333,0.3333333333333333,6
Papalexi_IFNg_TNFA,Papalexi,18,random,0.3333333333333333,0.3333333333333333,6
Papalexi_IFNg_TNFA,Papalexi,18,geneformer_updating,0.3333333333333333,0.3333333333333333,6
Papalexi_IFNg_TNFA,Papalexi,18,scgpt_updating,0.3333333333333333,0.3333333333333333,6
Papalexi_IFNg_TNFA,Papalexi,19,random,0.3333333333333333,0.3333333333333333,6
Papalexi_IFNg_TNFA,Papalexi,19,geneformer_updating,0.3333333333333333,0.3333333333333333,6
Papalexi_IFNg_TNFA,Papalexi,19,scgpt_updating,0.5,0.5,6
Papalexi_IFNg_TNFA,Papalexi,20,random,0.16666666666666666,0.16666666666666666,6
Papalexi_IFNg_TNFA,Papalexi,20,geneformer_updating,0.3333333333333333,0.3333333333333333,6
Papalexi_IFNg_TNFA,Papalexi,20,scgpt_updating,0.16666666666666666,0.16666666666666666,6
Papalexi_IFNg_TNFA,Papalexi,21,random,0.0,0.0,6
Papalexi_IFNg_TNFA,Papalexi,21,geneformer_updating,0.0,0.0,6
Papalexi_IFNg_TNFA,Papalexi,21,scgpt_updating,0.0,0.16666666666666666,6
Papalexi_IFNg_TNFA,Papalexi,22,random,0.16666666666666666,0.3333333333333333,6
Papalexi_IFNg_TNFA,Papalexi,22,geneformer_updating,0.16666666666666666,0.16666666666666666,6
Papalexi_IFNg_TNFA,Papalexi,22,scgpt_updating,0.16666666666666666,0.16666666666666666,6
Papalexi_IFNg_TNFA,Papalexi,23,random,0.0,0.0,6
Papalexi_IFNg_TNFA,Papalexi,23,geneformer_updating,0.16666666666666666,0.16666666666666666,6
Papalexi_IFNg_TNFA,Papalexi,23,scgpt_updating,0.3333333333333333,0.3333333333333333,6
Papalexi_IFNg_TNFA,Papalexi,24,random,0.3333333333333333,0.3333333333333333,6
Papalexi_IFNg_TNFA,Papalexi,24,geneformer_updating,0.3333333333333333,0.3333333333333333,6
Papalexi_IFNg_TNFA,Papalexi,24,scgpt_updating,0.3333333333333333,0.3333333333333333,6
Papalexi_IFNg_TNFA,Papalexi,25,random,0.0,0.0,6
Papalexi_IFNg_TNFA,Papalexi,25,geneformer_updating,0.3333333333333333,0.3333333333333333,6
Papalexi_IFNg_TNFA,Papalexi,25,scgpt_updating,0.0,0.0,6
Papalexi_IFNg_TNFA,Papalexi,26,random,0.5,0.5,6
Papalexi_IFNg_TNFA,Papalexi,26,geneformer_updating,0.3333333333333333,0.3333333333333333,6
Papalexi_IFNg_TNFA,Papalexi,26,scgpt_updating,0.3333333333333333,0.3333333333333333,6
Papalexi_IFNg_TNFA,Papalexi,27,random,0.16666666666666666,0.16666666666666666,6
Papalexi_IFNg_TNFA,Papalexi,27,geneformer_updating,0.3333333333333333,0.3333333333333333,6
Papalexi_IFNg_TNFA,Papalexi,27,scgpt_updating,0.16666666666666666,0.16666666666666666,6
Papalexi_IFNg_TNFA,Papalexi,28,random,0.16666666666666666,0.3333333333333333,6
Papalexi_IFNg_TNFA,Papalexi,28,geneformer_updating,0.3333333333333333,0.3333333333333333,6
Papalexi_IFNg_TNFA,Papalexi,28,scgpt_updating,0.16666666666666666,0.16666666666666666,6
Papalexi_IFNg_TNFA,Papalexi,29,random,0.3333333333333333,0.3333333333333333,6
Papalexi_IFNg_TNFA,Papalexi,29,geneformer_updating,0.3333333333333333,0.3333333333333333,6
Papalexi_IFNg_TNFA,Papalexi,29,scgpt_updating,0.3333333333333333,0.3333333333333333,6
Papalexi_IFNg_IL2STAT5,Papalexi,0,random,0.3333333333333333,0.3333333333333333,6
Papalexi_IFNg_IL2STAT5,Papalexi,0,geneformer_updating,0.5,0.5,6
Papalexi_IFNg_IL2STAT5,Papalexi,0,scgpt_updating,0.3333333333333333,0.3333333333333333,6
Papalexi_IFNg_IL2STAT5,Papalexi,1,random,0.16666666666666666,0.16666666666666666,6
Papalexi_IFNg_IL2STAT5,Papalexi,1,geneformer_updating,0.3333333333333333,0.3333333333333333,6
Papalexi_IFNg_IL2STAT5,Papalexi,1,scgpt_updating,0.3333333333333333,0.3333333333333333,6
Papalexi_IFNg_IL2STAT5,Papalexi,2,random,0.16666666666666666,0.3333333333333333,6
Papalexi_IFNg_IL2STAT5,Papalexi,2,geneformer_updating,0.3333333333333333,0.3333333333333333,6
Papalexi_IFNg_IL2STAT5,Papalexi,2,scgpt_updating,0.5,0.5,6
Papalexi_IFNg_IL2STAT5,Papalexi,3,random,0.5,0.3333333333333333,6
Papalexi_IFNg_IL2STAT5,Papalexi,3,geneformer_updating,0.16666666666666666,0.16666666666666666,6
Papalexi_IFNg_IL2STAT5,Papalexi,3,scgpt_updating,0.5,0.5,6
Papalexi_IFNg_IL2STAT5,Papalexi,4,random,0.3333333333333333,0.5,6
Papalexi_IFNg_IL2STAT5,Papalexi,4,geneformer_updating,0.16666666666666666,0.3333333333333333,6
Papalexi_IFNg_IL2STAT5,Papalexi,4,scgpt_updating,0.0,0.16666666666666666,6
Papalexi_IFNg_IL2STAT5,Papalexi,5,random,0.16666666666666666,0.16666666666666666,6
Papalexi_IFNg_IL2STAT5,Papalexi,5,geneformer_updating,0.3333333333333333,0.3333333333333333,6
Papalexi_IFNg_IL2STAT5,Papalexi,5,scgpt_updating,0.5,0.3333333333333333,6
Papalexi_IFNg_IL2STAT5,Papalexi,6,random,0.16666666666666666,0.16666666666666666,6
Papalexi_IFNg_IL2STAT5,Papalexi,6,geneformer_updating,0.3333333333333333,0.16666666666666666,6
Papalexi_IFNg_IL2STAT5,Papalexi,6,scgpt_updating,0.3333333333333333,0.3333333333333333,6
Papalexi_IFNg_IL2STAT5,Papalexi,7,random,0.3333333333333333,0.3333333333333333,6
Papalexi_IFNg_IL2STAT5,Papalexi,7,geneformer_updating,0.3333333333333333,0.3333333333333333,6
Papalexi_IFNg_IL2STAT5,Papalexi,7,scgpt_updating,0.5,0.3333333333333333,6
Papalexi_IFNg_IL2STAT5,Papalexi,8,random,0.0,0.0,6
Papalexi_IFNg_IL2STAT5,Papalexi,8,geneformer_updating,0.16666666666666666,0.16666666666666666,6
Papalexi_IFNg_IL2STAT5,Papalexi,8,scgpt_updating,0.16666666666666666,0.16666666666666666,6
Papalexi_IFNg_IL2STAT5,Papalexi,9,random,0.5,0.3333333333333333,6
Papalexi_IFNg_IL2STAT5,Papalexi,9,geneformer_updating,0.3333333333333333,0.16666666666666666,6
Papalexi_IFNg_IL2STAT5,Papalexi,9,scgpt_updating,0.5,0.3333333333333333,6
Papalexi_IFNg_IL2STAT5,Papalexi,10,random,0.16666666666666666,0.3333333333333333,6
Papalexi_IFNg_IL2STAT5,Papalexi,10,geneformer_updating,0.16666666666666666,0.3333333333333333,6
Papalexi_IFNg_IL2STAT5,Papalexi,10,scgpt_updating,0.0,0.16666666666666666,6
Papalexi_IFNg_IL2STAT5,Papalexi,11,random,0.3333333333333333,0.5,6
Papalexi_IFNg_IL2STAT5,Papalexi,11,geneformer_updating,0.3333333333333333,0.5,6
Papalexi_IFNg_IL2STAT5,Papalexi,11,scgpt_updating,0.5,0.6666666666666666,6
Papalexi_IFNg_IL2STAT5,Papalexi,12,random,0.16666666666666666,0.16666666666666666,6
Papalexi_IFNg_IL2STAT5,Papalexi,12,geneformer_updating,0.3333333333333333,0.3333333333333333,6
Papalexi_IFNg_IL2STAT5,Papalexi,12,scgpt_updating,0.5,0.5,6
Papalexi_IFNg_IL2STAT5,Papalexi,13,random,0.3333333333333333,0.3333333333333333,6
Papalexi_IFNg_IL2STAT5,Papalexi,13,geneformer_updating,0.3333333333333333,0.3333333333333333,6
Papalexi_IFNg_IL2STAT5,Papalexi,13,scgpt_updating,0.5,0.5,6
Papalexi_IFNg_IL2STAT5,Papalexi,14,random,0.5,0.6666666666666666,6
Papalexi_IFNg_IL2STAT5,Papalexi,14,geneformer_updating,0.16666666666666666,0.16666666666666666,6
Papalexi_IFNg_IL2STAT5,Papalexi,14,scgpt_updating,0.3333333333333333,0.3333333333333333,6
Papalexi_IFNg_IL2STAT5,Papalexi,15,random,0.16666666666666666,0.0,6
Papalexi_IFNg_IL2STAT5,Papalexi,15,geneformer_updating,0.16666666666666666,0.16666666666666666,6
Papalexi_IFNg_IL2STAT5,Papalexi,15,scgpt_updating,0.5,0.3333333333333333,6
Papalexi_IFNg_IL2STAT5,Papalexi,16,random,0.3333333333333333,0.16666666666666666,6
Papalexi_IFNg_IL2STAT5,Papalexi,16,geneformer_updating,0.6666666666666666,0.5,6
Papalexi_IFNg_IL2STAT5,Papalexi,16,scgpt_updating,0.5,0.3333333333333333,6
Papalexi_IFNg_IL2STAT5,Papalexi,17,random,0.5,0.5,6
Papalexi_IFNg_IL2STAT5,Papalexi,17,geneformer_updating,0.3333333333333333,0.3333333333333333,6
Papalexi_IFNg_IL2STAT5,Papalexi,17,scgpt_updating,0.3333333333333333,0.3333333333333333,6
Papalexi_IFNg_IL2STAT5,Papalexi,18,random,0.3333333333333333,0.3333333333333333,6
Papalexi_IFNg_IL2STAT5,Papalexi,18,geneformer_updating,0.5,0.5,6
Papalexi_IFNg_IL2STAT5,Papalexi,18,scgpt_updating,0.5,0.3333333333333333,6
Papalexi_IFNg_IL2STAT5,Papalexi,19,random,0.3333333333333333,0.3333333333333333,6
Papalexi_IFNg_IL2STAT5,Papalexi,19,geneformer_updating,0.5,0.3333333333333333,6
Papalexi_IFNg_IL2STAT5,Papalexi,19,scgpt_updating,0.5,0.5,6
Papalexi_IFNg_IL2STAT5,Papalexi,20,random,0.16666666666666666,0.16666666666666666,6
Papalexi_IFNg_IL2STAT5,Papalexi,20,geneformer_updating,0.3333333333333333,0.3333333333333333,6
Papalexi_IFNg_IL2STAT5,Papalexi,20,scgpt_updating,0.3333333333333333,0.3333333333333333,6
Papalexi_IFNg_IL2STAT5,Papalexi,21,random,0.0,0.0,6
Papalexi_IFNg_IL2STAT5,Papalexi,21,geneformer_updating,0.16666666666666666,0.16666666666666666,6
Papalexi_IFNg_IL2STAT5,Papalexi,21,scgpt_updating,0.0,0.16666666666666666,6
Papalexi_IFNg_IL2STAT5,Papalexi,22,random,0.16666666666666666,0.3333333333333333,6
Papalexi_IFNg_IL2STAT5,Papalexi,22,geneformer_updating,0.16666666666666666,0.16666666666666666,6
Papalexi_IFNg_IL2STAT5,Papalexi,22,scgpt_updating,0.16666666666666666,0.16666666666666666,6
Papalexi_IFNg_IL2STAT5,Papalexi,23,random,0.16666666666666666,0.16666666666666666,6
Papalexi_IFNg_IL2STAT5,Papalexi,23,geneformer_updating,0.3333333333333333,0.3333333333333333,6
Papalexi_IFNg_IL2STAT5,Papalexi,23,scgpt_updating,0.5,0.5,6
Papalexi_IFNg_IL2STAT5,Papalexi,24,random,0.3333333333333333,0.3333333333333333,6
Papalexi_IFNg_IL2STAT5,Papalexi,24,geneformer_updating,0.3333333333333333,0.3333333333333333,6
Papalexi_IFNg_IL2STAT5,Papalexi,24,scgpt_updating,0.5,0.5,6
Papalexi_IFNg_IL2STAT5,Papalexi,25,random,0.16666666666666666,0.0,6
Papalexi_IFNg_IL2STAT5,Papalexi,25,geneformer_updating,0.3333333333333333,0.16666666666666666,6
Papalexi_IFNg_IL2STAT5,Papalexi,25,scgpt_updating,0.5,0.3333333333333333,6
Papalexi_IFNg_IL2STAT5,Papalexi,26,random,0.5,0.5,6
Papalexi_IFNg_IL2STAT5,Papalexi,26,geneformer_updating,0.5,0.5,6
Papalexi_IFNg_IL2STAT5,Papalexi,26,scgpt_updating,0.5,0.5,6
Papalexi_IFNg_IL2STAT5,Papalexi,27,random,0.16666666666666666,0.16666666666666666,6
Papalexi_IFNg_IL2STAT5,Papalexi,27,geneformer_updating,0.5,0.5,6
Papalexi_IFNg_IL2STAT5,Papalexi,27,scgpt_updating,0.3333333333333333,0.3333333333333333,6
Papalexi_IFNg_IL2STAT5,Papalexi,28,random,0.16666666666666666,0.3333333333333333,6
Papalexi_IFNg_IL2STAT5,Papalexi,28,geneformer_updating,0.3333333333333333,0.3333333333333333,6
Papalexi_IFNg_IL2STAT5,Papalexi,28,scgpt_updating,0.5,0.3333333333333333,6
Papalexi_IFNg_IL2STAT5,Papalexi,29,random,0.5,0.3333333333333333,6
Papalexi_IFNg_IL2STAT5,Papalexi,29,geneformer_updating,0.3333333333333333,0.16666666666666666,6
Papalexi_IFNg_IL2STAT5,Papalexi,29,scgpt_updating,0.3333333333333333,0.16666666666666666,6
