study,policy,metric,mean_pp,low_pp,high_pp
Frangieh,geneformer_updating,a,-1.0350084220381062,-1.9884958514661675,-0.17207931421393366
Frangieh,geneformer_updating,b,-0.9681653962236303,-1.8758100858686981,-0.05514549629694283
Frangieh,scgpt_updating,a,-0.8667023263355271,-1.5564995671821158,-0.15089803650968303
Frangieh,scgpt_updating,b,0.5834880650535783,-0.3309900029034081,1.5366925603265174
Frangieh,scgpt_minus_geneformer,b,1.5516534612772086,1.0014336587412784,2.1123501768708803
Papalexi,geneformer_updating,a,3.8888888888888897,-0.7407407407407409,8.148148148148149
Papalexi,geneformer_updating,b,1.6666666666666667,-3.148148148148147,6.111111111111111
Papalexi,scgpt_updating,a,5.925925925925926,0.9259259259259267,10.555555555555555
Papalexi,scgpt_updating,b,1.8518518518518523,-2.962962962962963,6.481481481481482
Papalexi,scgpt_minus_geneformer,b,0.18518518518518565,-3.148148148148148,3.5185185185185186
