kind,study,policy,baseline,effect,ci_low,ci_high,p,holm_p
inflation,Frangieh,diversity,random_adjusted_A_minus_B,0.011035644047555566,-0.0004995383635013034,0.022893973354362836,0.07678207447622636,1.0
inflation,Frangieh,extra_trees,random_adjusted_A_minus_B,-0.0006449983005097395,-0.012441969544919057,0.011717865494099184,0.9184334614438784,1.0
inflation,Frangieh,fixed_ridge,random_adjusted_A_minus_B,0.0014705573412323277,-0.011648295473215114,0.014316355129363256,0.8265182208053348,1.0
inflation,Frangieh,gated_random,random_adjusted_A_minus_B,0.002215424261179601,-0.004119421645419,0.008471000124431773,0.5037101869995138,1.0
inflation,Frangieh,greedy_ridge,random_adjusted_A_minus_B,-0.0006684302581447573,-0.011939409266881373,0.010210389352949375,0.9084600403903392,1.0
inflation,Frangieh,linear_ucb,random_adjusted_A_minus_B,0.0022394487510766603,-0.009174540612430572,0.013456761843507912,0.7083423011521114,1.0
inflation,Frangieh,old_controller,random_adjusted_A_minus_B,0.012826330409994624,0.0018858860969846126,0.025380415138876095,0.045281140890008384,0.9509039586901761
inflation,Papalexi,diversity,random_adjusted_A_minus_B,-0.016666666666666666,-0.055555555555555566,0.024074074074074078,0.4263680621620707,1.0
inflation,Papalexi,extra_trees,random_adjusted_A_minus_B,0.024074074074074074,0.0018518518518518532,0.05000000000000001,0.07347396516540511,1.0
inflation,Papalexi,fixed_ridge,random_adjusted_A_minus_B,0.022222222222222223,-0.005555555555555545,0.05000000000000002,0.13601277395705222,1.0
inflation,Papalexi,gated_random,random_adjusted_A_minus_B,0.0,0.0,0.0,1.0,1.0
inflation,Papalexi,greedy_ridge,random_adjusted_A_minus_B,0.022222222222222223,-0.003703703703703697,0.050000000000000024,0.13601277395705222,1.0
inflation,Papalexi,linear_ucb,random_adjusted_A_minus_B,0.029629629629629634,-0.0018518518518518476,0.06296296296296296,0.08434355118428162,1.0
inflation,Papalexi,old_controller,random_adjusted_A_minus_B,-0.016666666666666666,-0.055555555555555566,0.02592592592592592,0.4263680621620707,1.0
inflation,Tian,diversity,random_adjusted_A_minus_B,-0.002116402116402126,-0.025132275132275155,0.020634920634920634,0.859434469344579,1.0
inflation,Tian,extra_trees,random_adjusted_A_minus_B,-0.016931216931216943,-0.042328042328042347,0.008465608465608456,0.20576530482884187,1.0
inflation,Tian,fixed_ridge,random_adjusted_A_minus_B,-0.01164021164021166,-0.03571428571428573,0.01375661375661373,0.3664816107767689,1.0
inflation,Tian,gated_random,random_adjusted_A_minus_B,-0.008465608465608471,-0.017989417989417996,0.0007936507936507922,0.09952790900546031,1.0
inflation,Tian,greedy_ridge,random_adjusted_A_minus_B,-0.013492063492063507,-0.03492063492063495,0.010317460317460307,0.26835797312706744,1.0
inflation,Tian,linear_ucb,random_adjusted_A_minus_B,-0.0026455026455026575,-0.025396825396825407,0.02063492063492062,0.8281480292169767,1.0
inflation,Tian,old_controller,random_adjusted_A_minus_B,-0.008201058201058214,-0.03201719576719579,0.01666666666666665,0.525467736890838,1.0
method,Frangieh,gated_random,random,-0.0016038232336209274,-0.005686231812626217,0.002459433086678312,0.4497028733790208,1.0
method,Frangieh,gated_random,greedy_ridge,0.008077830728615377,8.506473953627846e-05,0.016300895154648224,0.06693611731446843,0.6024250558302159
method,Frangieh,gated_random,linear_ucb,0.01607750106521141,0.006423193813532254,0.02618767031935872,0.0036096935135200023,0.04331632216224003
method,Frangieh,gated_random,extra_trees,0.0024442494474636667,-0.006394442532181234,0.011938354828787787,0.6091996455927063,1.0
method,Frangieh,gated_random,old_controller,0.035963206978521796,0.028593646222687626,0.04296079214022114,1.6804210691871736e-10,2.5206316037807604e-09
method,Papalexi,gated_random,random,0.0,0.0,0.0,1.0,1.0
method,Papalexi,gated_random,greedy_ridge,-0.01666666666666667,-0.0611111111111111,0.029629629629629627,0.4901830909171836,1.0
method,Papalexi,gated_random,linear_ucb,-0.046296296296296294,-0.09444444444444443,0.003703703703703708,0.08359440835099004,0.6687552668079203
method,Papalexi,gated_random,extra_trees,0.05925925925925927,0.018518518518518507,0.10374999999999936,0.013746797693128365,0.15121477462441202
method,Papalexi,gated_random,old_controller,-0.10370370370370371,-0.15925925925925927,-0.049999999999999996,0.0010236233648460511,0.013307103742998665
method,Tian,gated_random,random,0.0013227513227513235,-0.007142857142857141,0.00846560846560847,0.7427937378238658,1.0
method,Tian,gated_random,greedy_ridge,-0.011640211640211643,-0.02645502645502645,0.003703703703703699,0.1396802234082023,0.9777615638574161
method,Tian,gated_random,linear_ucb,-0.012169312169312175,-0.027777777777777783,0.00449735449735449,0.16364523667990202,0.9818714200794121
method,Tian,gated_random,extra_trees,-0.017195767195767195,-0.029629629629629627,-0.0037037037037037,0.017103146412138618,0.17103146412138617
method,Tian,gated_random,old_controller,-0.03253968253968255,-0.04523809523809525,-0.01984126984126984,3.6430413654180416e-05,0.0005100257911585258
