task,seed,mode,loo_r2
guide_Rest_IFNG,0,explore_unreliable_model,-0.4671822073792742
guide_Rest_IFNG,0,explore_unreliable_model,-0.17842965094268282
guide_Rest_IFNG,0,explore_unreliable_model,-0.40604029774241357
guide_Rest_IFNG,0,explore_unreliable_model,-0.7295326440189367
guide_Rest_IFNG,1,explore_unreliable_model,-0.02501651879907607
guide_Rest_IFNG,1,explore_unreliable_model,-0.7156794281914949
guide_Rest_IFNG,1,explore_unreliable_model,-1.0696101630249801
guide_Rest_IFNG,1,explore_unreliable_model,-0.6531503816999138
guide_Rest_IFNG,2,exploit_with_exploration,0.254855348728244
guide_Rest_IFNG,2,explore_unreliable_model,-0.4308964897729235
guide_Rest_IFNG,2,explore_unreliable_model,-0.29809330828980496
guide_Rest_IFNG,2,explore_unreliable_model,-0.5879547115490529
guide_Rest_IFNG,3,explore_unreliable_model,-0.6159614239679696
guide_Rest_IFNG,3,explore_unreliable_model,-0.8296713165515328
guide_Rest_IFNG,3,explore_unreliable_model,-0.9501973004398712
guide_Rest_IFNG,3,explore_unreliable_model,-0.9629748309687893
guide_Rest_IFNG,4,explore_unreliable_model,-0.03723772830999539
guide_Rest_IFNG,4,explore_unreliable_model,-0.9569156414360673
guide_Rest_IFNG,4,explore_unreliable_model,-0.9574497286586814
guide_Rest_IFNG,4,explore_unreliable_model,-0.7814854363057278
guide_Rest_IFNG,5,explore_unreliable_model,-0.6194437011189549
guide_Rest_IFNG,5,explore_unreliable_model,-0.5006987560417144
guide_Rest_IFNG,5,explore_unreliable_model,-0.14956917289004656
guide_Rest_IFNG,5,explore_unreliable_model,-0.3947570264617004
guide_Rest_IFNG,6,explore_unreliable_model,-0.13191450480060296
guide_Rest_IFNG,6,explore_unreliable_model,-0.557592601389661
guide_Rest_IFNG,6,explore_unreliable_model,-0.9719628981858328
guide_Rest_IFNG,6,explore_unreliable_model,-0.6551990187410415
guide_Rest_IFNG,7,explore_unreliable_model,-1.4363802973467852
guide_Rest_IFNG,7,explore_unreliable_model,-0.5372135936696674
guide_Rest_IFNG,7,explore_unreliable_model,-0.6570246334679632
guide_Rest_IFNG,7,explore_unreliable_model,-0.5219504344147585
guide_Rest_IFNG,8,explore_unreliable_model,-0.9895486558148145
guide_Rest_IFNG,8,explore_unreliable_model,-1.303792260629408
guide_Rest_IFNG,8,explore_unreliable_model,-0.8546126416082958
guide_Rest_IFNG,8,explore_unreliable_model,-0.6774248614833562
guide_Rest_IFNG,9,exploit_with_exploration,0.07385399874085441
guide_Rest_IFNG,9,explore_unreliable_model,-0.7443218105152085
guide_Rest_IFNG,9,explore_unreliable_model,-0.7283748501424707
guide_Rest_IFNG,9,explore_unreliable_model,-0.3531604478609254
guide_Rest_IFNG,10,explore_unreliable_model,-0.7489423896875116
guide_Rest_IFNG,10,explore_unreliable_model,-0.753009352059105
guide_Rest_IFNG,10,explore_unreliable_model,-0.7365140919742599
guide_Rest_IFNG,10,explore_unreliable_model,-0.3209991971415882
guide_Rest_IFNG,11,explore_unreliable_model,-0.5950724721131226
guide_Rest_IFNG,11,explore_unreliable_model,-0.7013512332467069
guide_Rest_IFNG,11,explore_unreliable_model,-0.6281348898349943
guide_Rest_IFNG,11,explore_unreliable_model,-0.36993230110310593
guide_Rest_IFNG,12,explore_unreliable_model,-1.0424289956292823
guide_Rest_IFNG,12,explore_unreliable_model,-1.2491781366396935
guide_Rest_IFNG,12,explore_unreliable_model,-0.9176422755530667
guide_Rest_IFNG,12,explore_unreliable_model,-0.6373886661439423
guide_Rest_IFNG,13,explore_unreliable_model,-0.6261506948621336
guide_Rest_IFNG,13,explore_unreliable_model,-0.1405023862030832
guide_Rest_IFNG,13,explore_unreliable_model,-0.26977961756959945
guide_Rest_IFNG,13,explore_unreliable_model,-0.32450824479560736
guide_Rest_IFNG,14,explore_unreliable_model,-1.0326771082132553
guide_Rest_IFNG,14,explore_unreliable_model,-1.2923051639218173
guide_Rest_IFNG,14,explore_unreliable_model,-0.8165377409224033
guide_Rest_IFNG,14,explore_unreliable_model,-0.5934555897314713
guide_Rest_IFNG,15,explore_unreliable_model,-0.6638777145862205
guide_Rest_IFNG,15,explore_unreliable_model,-0.1104575408040589
guide_Rest_IFNG,15,explore_unreliable_model,-0.5593671454959563
guide_Rest_IFNG,15,explore_unreliable_model,-0.5643537734494244
guide_Rest_IFNG,16,explore_unreliable_model,-1.4754602940248938
guide_Rest_IFNG,16,explore_unreliable_model,-0.7444898470666481
guide_Rest_IFNG,16,explore_unreliable_model,-0.28119740144165384
guide_Rest_IFNG,16,explore_unreliable_model,-0.25971048005635855
guide_Rest_IFNG,17,exploit_with_exploration,0.013733606245147856
guide_Rest_IFNG,17,explore_unreliable_model,-1.1486199670519208
guide_Rest_IFNG,17,explore_unreliable_model,-0.9150743001563788
guide_Rest_IFNG,17,explore_unreliable_model,-0.5760606432367132
guide_Rest_IFNG,18,explore_unreliable_model,-0.5864039113284902
guide_Rest_IFNG,18,explore_unreliable_model,-0.665505677665541
guide_Rest_IFNG,18,explore_unreliable_model,-1.0137203128321186
guide_Rest_IFNG,18,explore_unreliable_model,-0.7581804850642078
guide_Rest_IFNG,19,explore_unreliable_model,-1.1192486540035063
guide_Rest_IFNG,19,explore_unreliable_model,-0.9179590360882848
guide_Rest_IFNG,19,explore_unreliable_model,-0.7209768070392837
guide_Rest_IFNG,19,explore_unreliable_model,-0.5140613196773691
guide_Rest_TNFA,0,explore_unreliable_model,-0.18835926107673218
guide_Rest_TNFA,0,explore_unreliable_model,-0.8724169372396084
guide_Rest_TNFA,0,explore_unreliable_model,-1.037252571295478
guide_Rest_TNFA,0,explore_unreliable_model,-0.8303186888151592
guide_Rest_TNFA,1,explore_unreliable_model,-0.8320118201954538
guide_Rest_TNFA,1,explore_unreliable_model,-1.0209700027439923
guide_Rest_TNFA,1,explore_unreliable_model,-0.33864901651512924
guide_Rest_TNFA,1,explore_unreliable_model,-0.4871775285120583
guide_Rest_TNFA,2,explore_unreliable_model,-0.24296114038812866
guide_Rest_TNFA,2,exploit_with_exploration,0.258714464067088
guide_Rest_TNFA,2,explore_unreliable_model,-0.49349416270206636
guide_Rest_TNFA,2,explore_unreliable_model,-0.3477639823518204
guide_Rest_TNFA,3,explore_unreliable_model,-0.1189597929078261
guide_Rest_TNFA,3,explore_unreliable_model,-0.1763545782864171
guide_Rest_TNFA,3,explore_unreliable_model,-0.6369389676626072
guide_Rest_TNFA,3,explore_unreliable_model,-0.5346187620289673
guide_Rest_TNFA,4,explore_unreliable_model,-0.3909951611632574
guide_Rest_TNFA,4,explore_unreliable_model,-0.29074561762553186
guide_Rest_TNFA,4,explore_unreliable_model,-0.18271898342467963
guide_Rest_TNFA,4,explore_unreliable_model,-0.21603606586225133
guide_Rest_TNFA,5,explore_unreliable_model,-0.5621818804749672
guide_Rest_TNFA,5,explore_unreliable_model,-0.4932864985224932
guide_Rest_TNFA,5,explore_unreliable_model,-0.20143924654597178
guide_Rest_TNFA,5,explore_unreliable_model,-0.34722709225932835
guide_Rest_TNFA,6,explore_unreliable_model,-0.417451646940322
guide_Rest_TNFA,6,explore_unreliable_model,-0.3968819138263784
guide_Rest_TNFA,6,explore_unreliable_model,-0.3231097915230703
guide_Rest_TNFA,6,explore_unreliable_model,-0.5080886921874581
guide_Rest_TNFA,7,explore_unreliable_model,-1.0214876327558047
guide_Rest_TNFA,7,explore_unreliable_model,-0.6140143065556323
guide_Rest_TNFA,7,explore_unreliable_model,-0.10052185467176655
guide_Rest_TNFA,7,explore_unreliable_model,-0.5494001972992375
guide_Rest_TNFA,8,explore_unreliable_model,-0.7806873020845768
guide_Rest_TNFA,8,explore_unreliable_model,-1.53483119113142
guide_Rest_TNFA,8,explore_unreliable_model,-1.0702057312925937
guide_Rest_TNFA,8,explore_unreliable_model,-0.6052378605635358
guide_Rest_TNFA,9,explore_unreliable_model,-0.5382579057493806
guide_Rest_TNFA,9,explore_unreliable_model,-1.040528140409179
guide_Rest_TNFA,9,explore_unreliable_model,-1.321843810526524
guide_Rest_TNFA,9,explore_unreliable_model,-0.4957800415401994
guide_Rest_TNFA,10,explore_unreliable_model,-1.443544461185073
guide_Rest_TNFA,10,explore_unreliable_model,-1.1739961274352142
guide_Rest_TNFA,10,explore_unreliable_model,-0.440066272112589
guide_Rest_TNFA,10,explore_unreliable_model,-0.3084000162814047
guide_Rest_TNFA,11,exploit_with_exploration,0.11121005953532648
guide_Rest_TNFA,11,explore_unreliable_model,-0.8522253084289844
guide_Rest_TNFA,11,explore_unreliable_model,-0.7750126392108179
guide_Rest_TNFA,11,explore_unreliable_model,-0.5216750379962671
guide_Rest_TNFA,12,explore_unreliable_model,-0.9166038484622445
guide_Rest_TNFA,12,explore_unreliable_model,-0.8059900999990623
guide_Rest_TNFA,12,explore_unreliable_model,-0.999481201058231
guide_Rest_TNFA,12,explore_unreliable_model,-0.8124737939435425
guide_Rest_TNFA,13,explore_unreliable_model,-0.09652353289361626
guide_Rest_TNFA,13,explore_unreliable_model,-0.41015125238804173
guide_Rest_TNFA,13,explore_unreliable_model,-0.6757123551134558
guide_Rest_TNFA,13,explore_unreliable_model,-0.4275775091660936
guide_Rest_TNFA,14,explore_unreliable_model,-1.048711689310256
guide_Rest_TNFA,14,explore_unreliable_model,-0.7624812808308159
guide_Rest_TNFA,14,explore_unreliable_model,-0.809153351320604
guide_Rest_TNFA,14,explore_unreliable_model,-0.5287142424474434
guide_Rest_TNFA,15,explore_unreliable_model,-0.9432960803380106
guide_Rest_TNFA,15,explore_unreliable_model,-0.3474659762885022
guide_Rest_TNFA,15,explore_unreliable_model,-0.9224008379523645
guide_Rest_TNFA,15,explore_unreliable_model,-0.8161683810140157
guide_Rest_TNFA,16,explore_unreliable_model,-0.44698110381163225
guide_Rest_TNFA,16,explore_unreliable_model,-0.6209117211456647
guide_Rest_TNFA,16,explore_unreliable_model,-0.7187259924865472
guide_Rest_TNFA,16,explore_unreliable_model,-0.5910570910380561
guide_Rest_TNFA,17,explore_unreliable_model,-0.7163068742892877
guide_Rest_TNFA,17,explore_unreliable_model,-0.10869176481050369
guide_Rest_TNFA,17,explore_unreliable_model,-0.33125849297972043
guide_Rest_TNFA,17,explore_unreliable_model,-0.23049046180813515
guide_Rest_TNFA,18,explore_unreliable_model,-0.8455641016603763
guide_Rest_TNFA,18,explore_unreliable_model,-0.6000062840938314
guide_Rest_TNFA,18,explore_unreliable_model,-0.463544188183187
guide_Rest_TNFA,18,explore_unreliable_model,-0.2790118149891039
guide_Rest_TNFA,19,explore_unreliable_model,-1.082157746693305
guide_Rest_TNFA,19,explore_unreliable_model,-0.7441643906198052
guide_Rest_TNFA,19,explore_unreliable_model,-0.5030913245964925
guide_Rest_TNFA,19,explore_unreliable_model,-0.44443779334308364
guide_Rest_IL2STAT5,0,explore_unreliable_model,-0.1746369090580846
guide_Rest_IL2STAT5,0,explore_unreliable_model,-0.9704400180822932
guide_Rest_IL2STAT5,0,explore_unreliable_model,-0.3734970162269442
guide_Rest_IL2STAT5,0,explore_unreliable_model,-0.5938663895245264
guide_Rest_IL2STAT5,1,explore_unreliable_model,-0.30158228443347235
guide_Rest_IL2STAT5,1,explore_unreliable_model,-1.0539483620610248
guide_Rest_IL2STAT5,1,explore_unreliable_model,-0.7278297758036456
guide_Rest_IL2STAT5,1,explore_unreliable_model,-0.5253248202207406
guide_Rest_IL2STAT5,2,explore_unreliable_model,-0.39931348636831676
guide_Rest_IL2STAT5,2,explore_unreliable_model,-0.8065685000035567
guide_Rest_IL2STAT5,2,explore_unreliable_model,-0.6193614907130249
guide_Rest_IL2STAT5,2,explore_unreliable_model,-0.638313232701218
guide_Rest_IL2STAT5,3,explore_unreliable_model,-0.2888059306625135
guide_Rest_IL2STAT5,3,explore_unreliable_model,-1.4405245177406436
guide_Rest_IL2STAT5,3,explore_unreliable_model,-0.8887233452979288
guide_Rest_IL2STAT5,3,explore_unreliable_model,-0.5941096497078051
guide_Rest_IL2STAT5,4,explore_unreliable_model,-0.09053817974540124
guide_Rest_IL2STAT5,4,explore_unreliable_model,-0.12060632492726353
guide_Rest_IL2STAT5,4,explore_unreliable_model,-0.6881540773691357
guide_Rest_IL2STAT5,4,explore_unreliable_model,-0.49500671892952663
guide_Rest_IL2STAT5,5,explore_unreliable_model,-0.14845388677728666
guide_Rest_IL2STAT5,5,explore_unreliable_model,-0.2984691455508135
guide_Rest_IL2STAT5,5,explore_unreliable_model,-0.11515373988569522
guide_Rest_IL2STAT5,5,explore_unreliable_model,-0.37311638893067833
guide_Rest_IL2STAT5,6,explore_unreliable_model,-0.07803764570233795
guide_Rest_IL2STAT5,6,explore_unreliable_model,-1.3859753970724902
guide_Rest_IL2STAT5,6,explore_unreliable_model,-1.1546178063324959
guide_Rest_IL2STAT5,6,explore_unreliable_model,-0.7625690157412219
guide_Rest_IL2STAT5,7,explore_unreliable_model,-0.4986546237344369
guide_Rest_IL2STAT5,7,explore_unreliable_model,-0.6915437502740955
guide_Rest_IL2STAT5,7,explore_unreliable_model,-0.3246974530814255
guide_Rest_IL2STAT5,7,explore_unreliable_model,-0.6072099533216808
guide_Rest_IL2STAT5,8,explore_unreliable_model,-0.48569108314115783
guide_Rest_IL2STAT5,8,explore_unreliable_model,-1.216058224661413
guide_Rest_IL2STAT5,8,explore_unreliable_model,-0.9416706532281705
guide_Rest_IL2STAT5,8,explore_unreliable_model,-0.6673124840586409
guide_Rest_IL2STAT5,9,explore_unreliable_model,-0.016588192750335073
guide_Rest_IL2STAT5,9,explore_unreliable_model,-1.055340559701098
guide_Rest_IL2STAT5,9,explore_unreliable_model,-0.5580137861199936
guide_Rest_IL2STAT5,9,explore_unreliable_model,-0.44970454876157895
guide_Rest_IL2STAT5,10,explore_unreliable_model,-1.030246634093678
guide_Rest_IL2STAT5,10,explore_unreliable_model,-0.8320183625741393
guide_Rest_IL2STAT5,10,explore_unreliable_model,-0.6539840658432066
guide_Rest_IL2STAT5,10,explore_unreliable_model,-0.5185279430120802
guide_Rest_IL2STAT5,11,explore_unreliable_model,-0.11172707022860062
guide_Rest_IL2STAT5,11,explore_unreliable_model,-0.7601279228721267
guide_Rest_IL2STAT5,11,explore_unreliable_model,-0.9602181718492913
guide_Rest_IL2STAT5,11,explore_unreliable_model,-0.47674526660131833
guide_Rest_IL2STAT5,12,explore_unreliable_model,-0.8810121265111006
guide_Rest_IL2STAT5,12,explore_unreliable_model,-0.5536321133345006
guide_Rest_IL2STAT5,12,explore_unreliable_model,-1.073807058336678
guide_Rest_IL2STAT5,12,explore_unreliable_model,-0.8597165796753283
guide_Rest_IL2STAT5,13,explore_unreliable_model,-0.6790654865320347
guide_Rest_IL2STAT5,13,explore_unreliable_model,-1.1447297202525024
guide_Rest_IL2STAT5,13,explore_unreliable_model,-0.9285298322420044
guide_Rest_IL2STAT5,13,explore_unreliable_model,-0.6300698006514773
guide_Rest_IL2STAT5,14,explore_unreliable_model,-0.5929983589508332
guide_Rest_IL2STAT5,14,explore_unreliable_model,-0.46469272877923595
guide_Rest_IL2STAT5,14,explore_unreliable_model,-0.6040484583674037
guide_Rest_IL2STAT5,14,explore_unreliable_model,-0.45088067685758815
guide_Rest_IL2STAT5,15,exploit_with_exploration,0.04282535785779873
guide_Rest_IL2STAT5,15,exploit_with_exploration,0.22633515712040697
guide_Rest_IL2STAT5,15,explore_unreliable_model,-0.24316986772348526
guide_Rest_IL2STAT5,15,explore_unreliable_model,-0.4933367526888466
guide_Rest_IL2STAT5,16,exploit_with_exploration,0.02135130936689733
guide_Rest_IL2STAT5,16,explore_unreliable_model,-0.4173028158462653
guide_Rest_IL2STAT5,16,explore_unreliable_model,-0.9394090337332481
guide_Rest_IL2STAT5,16,explore_unreliable_model,-0.7391889515376915
guide_Rest_IL2STAT5,17,explore_unreliable_model,-0.28064143354532356
guide_Rest_IL2STAT5,17,explore_unreliable_model,-0.5602977866104257
guide_Rest_IL2STAT5,17,explore_unreliable_model,-0.6003018704352483
guide_Rest_IL2STAT5,17,explore_unreliable_model,-0.3624494669175389
guide_Rest_IL2STAT5,18,explore_unreliable_model,-0.7206550619190291
guide_Rest_IL2STAT5,18,explore_unreliable_model,-0.26191614494042925
guide_Rest_IL2STAT5,18,explore_unreliable_model,-0.4824062479485598
guide_Rest_IL2STAT5,18,explore_unreliable_model,-0.6803897823372613
guide_Rest_IL2STAT5,19,explore_unreliable_model,-0.10715297642195254
guide_Rest_IL2STAT5,19,explore_unreliable_model,-0.4776558757055922
guide_Rest_IL2STAT5,19,explore_unreliable_model,-0.4748122828347956
guide_Rest_IL2STAT5,19,explore_unreliable_model,-0.5631661956797549
guide_Stim8hr_IFNG,0,explore_unreliable_model,-0.6655723745251108
guide_Stim8hr_IFNG,0,explore_unreliable_model,-0.06270866336169156
guide_Stim8hr_IFNG,0,exploit_with_exploration,0.14451619082039235
guide_Stim8hr_IFNG,0,explore_unreliable_model,-0.7333000994774694
guide_Stim8hr_IFNG,1,exploit_with_exploration,0.15330381611302457
guide_Stim8hr_IFNG,1,exploit_with_exploration,0.0037494211189669224
guide_Stim8hr_IFNG,1,explore_unreliable_model,-0.057838945280582754
guide_Stim8hr_IFNG,1,explore_unreliable_model,-0.30894500269017144
guide_Stim8hr_IFNG,2,exploit_with_exploration,0.1481208919295549
guide_Stim8hr_IFNG,2,explore_unreliable_model,-0.38667599424490473
guide_Stim8hr_IFNG,2,explore_unreliable_model,-0.21423185166062164
guide_Stim8hr_IFNG,2,explore_unreliable_model,-0.41019232274502815
guide_Stim8hr_IFNG,3,explore_unreliable_model,-0.3241080354807455
guide_Stim8hr_IFNG,3,exploit_with_exploration,0.04574821115715366
guide_Stim8hr_IFNG,3,explore_unreliable_model,-0.4977555905468558
guide_Stim8hr_IFNG,3,explore_unreliable_model,-0.3239831617925375
guide_Stim8hr_IFNG,4,explore_unreliable_model,-0.4117324568792746
guide_Stim8hr_IFNG,4,exploit_with_exploration,0.16822937257355997
guide_Stim8hr_IFNG,4,explore_unreliable_model,-0.7229818048759877
guide_Stim8hr_IFNG,4,explore_unreliable_model,-0.6075391195921194
guide_Stim8hr_IFNG,5,explore_unreliable_model,-0.1518676964027461
guide_Stim8hr_IFNG,5,exploit_with_exploration,0.003752708108919367
guide_Stim8hr_IFNG,5,explore_unreliable_model,-0.431973006203892
guide_Stim8hr_IFNG,5,explore_unreliable_model,-0.5065489558925726
guide_Stim8hr_IFNG,6,explore_unreliable_model,-0.3745505476772333
guide_Stim8hr_IFNG,6,explore_unreliable_model,-1.1571870452367086
guide_Stim8hr_IFNG,6,explore_unreliable_model,-0.9778338345685591
guide_Stim8hr_IFNG,6,explore_unreliable_model,-0.7395239035081178
guide_Stim8hr_IFNG,7,explore_unreliable_model,-1.1088922281817868
guide_Stim8hr_IFNG,7,explore_unreliable_model,-0.478499625665638
guide_Stim8hr_IFNG,7,explore_unreliable_model,-0.1511141887906844
guide_Stim8hr_IFNG,7,explore_unreliable_model,-0.16133976914105386
guide_Stim8hr_IFNG,8,explore_unreliable_model,-0.1366044078634283
guide_Stim8hr_IFNG,8,explore_unreliable_model,-0.9829524325653458
guide_Stim8hr_IFNG,8,explore_unreliable_model,-0.7785566180507646
guide_Stim8hr_IFNG,8,explore_unreliable_model,-0.665075690503723
guide_Stim8hr_IFNG,9,explore_unreliable_model,-0.8511143994637553
guide_Stim8hr_IFNG,9,explore_unreliable_model,-0.6343462959923569
guide_Stim8hr_IFNG,9,explore_unreliable_model,-0.18924019202860398
guide_Stim8hr_IFNG,9,explore_unreliable_model,-0.14414104702357577
guide_Stim8hr_IFNG,10,explore_unreliable_model,-0.4767808160913496
guide_Stim8hr_IFNG,10,explore_unreliable_model,-0.820562458161302
guide_Stim8hr_IFNG,10,explore_unreliable_model,-0.37456729415229106
guide_Stim8hr_IFNG,10,explore_unreliable_model,-0.09826648944261107
guide_Stim8hr_IFNG,11,explore_unreliable_model,-0.7934024596823464
guide_Stim8hr_IFNG,11,explore_unreliable_model,-1.209110493569034
guide_Stim8hr_IFNG,11,explore_unreliable_model,-0.7004337646778116
guide_Stim8hr_IFNG,11,explore_unreliable_model,-0.4714976113452798
guide_Stim8hr_IFNG,12,explore_unreliable_model,-0.3530421409664726
guide_Stim8hr_IFNG,12,explore_unreliable_model,-0.1084346713537796
guide_Stim8hr_IFNG,12,explore_unreliable_model,-0.7812363588107518
guide_Stim8hr_IFNG,12,explore_unreliable_model,-0.447147939522744
guide_Stim8hr_IFNG,13,explore_unreliable_model,-0.32020243874943866
guide_Stim8hr_IFNG,13,explore_unreliable_model,-0.5603631637062421
guide_Stim8hr_IFNG,13,explore_unreliable_model,-0.5200163683293664
guide_Stim8hr_IFNG,13,explore_unreliable_model,-0.42890111438045664
guide_Stim8hr_IFNG,14,explore_unreliable_model,-0.5120334339680608
guide_Stim8hr_IFNG,14,explore_unreliable_model,-0.5189510399097432
guide_Stim8hr_IFNG,14,explore_unreliable_model,-0.24799358670476312
guide_Stim8hr_IFNG,14,explore_unreliable_model,-0.15123047975269865
guide_Stim8hr_IFNG,15,explore_unreliable_model,-0.11592128511008748
guide_Stim8hr_IFNG,15,explore_unreliable_model,-0.37034822120828004
guide_Stim8hr_IFNG,15,explore_unreliable_model,-0.39104252745182366
guide_Stim8hr_IFNG,15,explore_unreliable_model,-0.2548290787443219
guide_Stim8hr_IFNG,16,exploit_with_exploration,0.25993013816776045
guide_Stim8hr_IFNG,16,explore_unreliable_model,-0.2048687003774068
guide_Stim8hr_IFNG,16,explore_unreliable_model,-0.37044013880029447
guide_Stim8hr_IFNG,16,explore_unreliable_model,-0.14085540876286062
guide_Stim8hr_IFNG,17,explore_unreliable_model,-0.7667136732453237
guide_Stim8hr_IFNG,17,explore_unreliable_model,-0.1759452790720255
guide_Stim8hr_IFNG,17,explore_unreliable_model,-0.01702444470021458
guide_Stim8hr_IFNG,17,explore_unreliable_model,-0.18301446957251843
guide_Stim8hr_IFNG,18,explore_unreliable_model,-0.47693911739519446
guide_Stim8hr_IFNG,18,explore_unreliable_model,-0.6204851575048085
guide_Stim8hr_IFNG,18,explore_unreliable_model,-0.3220073921011899
guide_Stim8hr_IFNG,18,explore_unreliable_model,-0.3138593416212454
guide_Stim8hr_IFNG,19,exploit_with_exploration,0.41009266428666746
guide_Stim8hr_IFNG,19,explore_unreliable_model,-0.020806302943248145
guide_Stim8hr_IFNG,19,explore_unreliable_model,-0.8981901261148775
guide_Stim8hr_IFNG,19,explore_unreliable_model,-0.589460291610991
guide_Stim8hr_TNFA,0,explore_unreliable_model,-0.45099255218046963
guide_Stim8hr_TNFA,0,explore_unreliable_model,-0.03951030909598274
guide_Stim8hr_TNFA,0,explore_unreliable_model,-0.3964949959201143
guide_Stim8hr_TNFA,0,explore_unreliable_model,-0.5622761466935664
guide_Stim8hr_TNFA,1,explore_unreliable_model,-0.7514008984017817
guide_Stim8hr_TNFA,1,explore_unreliable_model,-1.0754755897021955
guide_Stim8hr_TNFA,1,explore_unreliable_model,-0.5877416289860928
guide_Stim8hr_TNFA,1,explore_unreliable_model,-0.6260397894900787
guide_Stim8hr_TNFA,2,exploit_with_exploration,0.0022484238040494375
guide_Stim8hr_TNFA,2,explore_unreliable_model,-0.7255220240049487
guide_Stim8hr_TNFA,2,explore_unreliable_model,-0.6123943459053858
guide_Stim8hr_TNFA,2,explore_unreliable_model,-0.4001363706190877
guide_Stim8hr_TNFA,3,explore_unreliable_model,-1.1795226341229328
guide_Stim8hr_TNFA,3,explore_unreliable_model,-0.36821678514151857
guide_Stim8hr_TNFA,3,explore_unreliable_model,-0.38270621512394176
guide_Stim8hr_TNFA,3,explore_unreliable_model,-0.34787457140694933
guide_Stim8hr_TNFA,4,explore_unreliable_model,-0.7659319199323096
guide_Stim8hr_TNFA,4,explore_unreliable_model,-0.13477956273303038
guide_Stim8hr_TNFA,4,explore_unreliable_model,-0.5969240564417877
guide_Stim8hr_TNFA,4,explore_unreliable_model,-0.3019596289826896
guide_Stim8hr_TNFA,5,explore_unreliable_model,-0.6623645933925904
guide_Stim8hr_TNFA,5,explore_unreliable_model,-0.20829026708288878
guide_Stim8hr_TNFA,5,explore_unreliable_model,-0.12519127456458112
guide_Stim8hr_TNFA,5,explore_unreliable_model,-0.34463930038626667
guide_Stim8hr_TNFA,6,exploit_with_exploration,0.009426163952535926
guide_Stim8hr_TNFA,6,explore_unreliable_model,-0.7648589362097347
guide_Stim8hr_TNFA,6,explore_unreliable_model,-1.0850476551634998
guide_Stim8hr_TNFA,6,explore_unreliable_model,-0.6346782482467705
guide_Stim8hr_TNFA,7,explore_unreliable_model,-0.2681279435321653
guide_Stim8hr_TNFA,7,explore_unreliable_model,-0.5129185395761371
guide_Stim8hr_TNFA,7,explore_unreliable_model,-0.7009952993298452
guide_Stim8hr_TNFA,7,explore_unreliable_model,-0.49593238864537637
guide_Stim8hr_TNFA,8,explore_unreliable_model,-1.3024265558977506
guide_Stim8hr_TNFA,8,explore_unreliable_model,-0.9602979959710065
guide_Stim8hr_TNFA,8,explore_unreliable_model,-0.916925068845972
guide_Stim8hr_TNFA,8,explore_unreliable_model,-0.6009876110115686
guide_Stim8hr_TNFA,9,explore_unreliable_model,-0.6790262276140999
guide_Stim8hr_TNFA,9,explore_unreliable_model,-0.9658814136333853
guide_Stim8hr_TNFA,9,explore_unreliable_model,-0.38817095782094047
guide_Stim8hr_TNFA,9,explore_unreliable_model,-0.4332678311692977
guide_Stim8hr_TNFA,10,explore_unreliable_model,-0.8391528738116525
guide_Stim8hr_TNFA,10,explore_unreliable_model,-0.21720699410546285
guide_Stim8hr_TNFA,10,explore_unreliable_model,-0.4594007757846488
guide_Stim8hr_TNFA,10,explore_unreliable_model,-0.23540314865473255
guide_Stim8hr_TNFA,11,explore_unreliable_model,-0.9132645739777909
guide_Stim8hr_TNFA,11,explore_unreliable_model,-0.17123118707852036
guide_Stim8hr_TNFA,11,exploit_with_exploration,0.17772315395562122
guide_Stim8hr_TNFA,11,explore_unreliable_model,-0.5143438989741631
guide_Stim8hr_TNFA,12,explore_unreliable_model,-0.16207264160592127
guide_Stim8hr_TNFA,12,explore_unreliable_model,-0.10845429935444328
guide_Stim8hr_TNFA,12,explore_unreliable_model,-0.3359333515170222
guide_Stim8hr_TNFA,12,explore_unreliable_model,-0.39519931768049044
guide_Stim8hr_TNFA,13,explore_unreliable_model,-0.4244953856196285
guide_Stim8hr_TNFA,13,explore_unreliable_model,-0.7209301460112814
guide_Stim8hr_TNFA,13,explore_unreliable_model,-0.6075938228654296
guide_Stim8hr_TNFA,13,explore_unreliable_model,-0.5062285717238413
guide_Stim8hr_TNFA,14,explore_unreliable_model,-0.35893586794296906
guide_Stim8hr_TNFA,14,explore_unreliable_model,-0.06458765811306022
guide_Stim8hr_TNFA,14,explore_unreliable_model,-0.7390854254890038
guide_Stim8hr_TNFA,14,explore_unreliable_model,-0.6933752433815707
guide_Stim8hr_TNFA,15,explore_unreliable_model,-0.6002352924367518
guide_Stim8hr_TNFA,15,explore_unreliable_model,-0.832686979367852
guide_Stim8hr_TNFA,15,explore_unreliable_model,-0.08241403226432831
guide_Stim8hr_TNFA,15,explore_unreliable_model,-0.18262163397774667
guide_Stim8hr_TNFA,16,explore_unreliable_model,-0.4355074899988165
guide_Stim8hr_TNFA,16,explore_unreliable_model,-0.44707284189651175
guide_Stim8hr_TNFA,16,explore_unreliable_model,-0.28752407058045937
guide_Stim8hr_TNFA,16,explore_unreliable_model,-0.6052162092775781
guide_Stim8hr_TNFA,17,explore_unreliable_model,-0.47705607897679214
guide_Stim8hr_TNFA,17,explore_unreliable_model,-0.3046816350676578
guide_Stim8hr_TNFA,17,explore_unreliable_model,-0.6760453464390521
guide_Stim8hr_TNFA,17,explore_unreliable_model,-0.4482142919397878
guide_Stim8hr_TNFA,18,explore_unreliable_model,-0.02977315846851325
guide_Stim8hr_TNFA,18,explore_unreliable_model,-0.10881743153260937
guide_Stim8hr_TNFA,18,explore_unreliable_model,-0.26486746899788693
guide_Stim8hr_TNFA,18,explore_unreliable_model,-0.3109170957297893
guide_Stim8hr_TNFA,19,explore_unreliable_model,-0.5689170945422779
guide_Stim8hr_TNFA,19,explore_unreliable_model,-0.6799720615424509
guide_Stim8hr_TNFA,19,explore_unreliable_model,-0.38032625933372377
guide_Stim8hr_TNFA,19,explore_unreliable_model,-0.2682476984968529
guide_Stim8hr_IL2STAT5,0,explore_unreliable_model,-0.08861621200577385
guide_Stim8hr_IL2STAT5,0,explore_unreliable_model,-0.6990342182273865
guide_Stim8hr_IL2STAT5,0,explore_unreliable_model,-0.5993074005274079
guide_Stim8hr_IL2STAT5,0,explore_unreliable_model,-0.3695943132807231
guide_Stim8hr_IL2STAT5,1,explore_unreliable_model,-0.2905304134042499
guide_Stim8hr_IL2STAT5,1,explore_unreliable_model,-1.4638028955307867
guide_Stim8hr_IL2STAT5,1,explore_unreliable_model,-0.9205763453121862
guide_Stim8hr_IL2STAT5,1,explore_unreliable_model,-0.7220182647008841
guide_Stim8hr_IL2STAT5,2,exploit_with_exploration,0.019599941037732105
guide_Stim8hr_IL2STAT5,2,explore_unreliable_model,-1.0657310745138222
guide_Stim8hr_IL2STAT5,2,explore_unreliable_model,-0.43747167537769616
guide_Stim8hr_IL2STAT5,2,explore_unreliable_model,-0.3650301314604738
guide_Stim8hr_IL2STAT5,3,explore_unreliable_model,-0.5036824757187295
guide_Stim8hr_IL2STAT5,3,explore_unreliable_model,-0.200621192056744
guide_Stim8hr_IL2STAT5,3,explore_unreliable_model,-0.6846727051409591
guide_Stim8hr_IL2STAT5,3,explore_unreliable_model,-0.38304769516061454
guide_Stim8hr_IL2STAT5,4,explore_unreliable_model,-0.732089918856244
guide_Stim8hr_IL2STAT5,4,exploit_with_exploration,0.20478544001213816
guide_Stim8hr_IL2STAT5,4,explore_unreliable_model,-0.3986474762750174
guide_Stim8hr_IL2STAT5,4,explore_unreliable_model,-0.20479539199798524
guide_Stim8hr_IL2STAT5,5,explore_unreliable_model,-0.5797863323394994
guide_Stim8hr_IL2STAT5,5,explore_unreliable_model,-0.30939147886736795
guide_Stim8hr_IL2STAT5,5,explore_unreliable_model,-0.2565795822735142
guide_Stim8hr_IL2STAT5,5,explore_unreliable_model,-0.3107630040273741
guide_Stim8hr_IL2STAT5,6,explore_unreliable_model,-0.23241630082215448
guide_Stim8hr_IL2STAT5,6,explore_unreliable_model,-0.4694570540240963
guide_Stim8hr_IL2STAT5,6,explore_unreliable_model,-0.5592954637318128
guide_Stim8hr_IL2STAT5,6,explore_unreliable_model,-0.37216862253787
guide_Stim8hr_IL2STAT5,7,explore_unreliable_model,-0.3640008202512901
guide_Stim8hr_IL2STAT5,7,explore_unreliable_model,-1.1079211538808371
guide_Stim8hr_IL2STAT5,7,explore_unreliable_model,-0.3160628320793899
guide_Stim8hr_IL2STAT5,7,explore_unreliable_model,-0.19589708718834054
guide_Stim8hr_IL2STAT5,8,explore_unreliable_model,-0.017611852190123845
guide_Stim8hr_IL2STAT5,8,exploit_with_exploration,0.27666389998553875
guide_Stim8hr_IL2STAT5,8,explore_unreliable_model,-0.6077851390652378
guide_Stim8hr_IL2STAT5,8,explore_unreliable_model,-0.5152272215537157
guide_Stim8hr_IL2STAT5,9,explore_unreliable_model,-1.4873830545077662
guide_Stim8hr_IL2STAT5,9,explore_unreliable_model,-1.5409540932656327
guide_Stim8hr_IL2STAT5,9,explore_unreliable_model,-0.7887286395928998
guide_Stim8hr_IL2STAT5,9,explore_unreliable_model,-0.6995820627937936
guide_Stim8hr_IL2STAT5,10,explore_unreliable_model,-0.9184317195021436
guide_Stim8hr_IL2STAT5,10,explore_unreliable_model,-1.2726969954200773
guide_Stim8hr_IL2STAT5,10,explore_unreliable_model,-0.8328192375926602
guide_Stim8hr_IL2STAT5,10,explore_unreliable_model,-0.3836798074945327
guide_Stim8hr_IL2STAT5,11,explore_unreliable_model,-0.36553047690204155
guide_Stim8hr_IL2STAT5,11,explore_unreliable_model,-0.6293547124295578
guide_Stim8hr_IL2STAT5,11,explore_unreliable_model,-0.8455018129870213
guide_Stim8hr_IL2STAT5,11,explore_unreliable_model,-0.6549234329508791
guide_Stim8hr_IL2STAT5,12,explore_unreliable_model,-0.4243319283536031
guide_Stim8hr_IL2STAT5,12,explore_unreliable_model,-0.005670388110912583
guide_Stim8hr_IL2STAT5,12,explore_unreliable_model,-0.39826930691619067
guide_Stim8hr_IL2STAT5,12,explore_unreliable_model,-0.43534772842715097
guide_Stim8hr_IL2STAT5,13,explore_unreliable_model,-0.25078064810653
guide_Stim8hr_IL2STAT5,13,explore_unreliable_model,-0.6009249700837103
guide_Stim8hr_IL2STAT5,13,explore_unreliable_model,-1.4950001386014646
guide_Stim8hr_IL2STAT5,13,explore_unreliable_model,-0.9642080737452519
guide_Stim8hr_IL2STAT5,14,explore_unreliable_model,-0.5601339269416059
guide_Stim8hr_IL2STAT5,14,explore_unreliable_model,-0.3022196004072102
guide_Stim8hr_IL2STAT5,14,explore_unreliable_model,-0.4242172137038145
guide_Stim8hr_IL2STAT5,14,explore_unreliable_model,-0.16567276729645797
guide_Stim8hr_IL2STAT5,15,explore_unreliable_model,-0.5339526669869483
guide_Stim8hr_IL2STAT5,15,explore_unreliable_model,-0.5752331732258307
guide_Stim8hr_IL2STAT5,15,explore_unreliable_model,-0.7213663539582236
guide_Stim8hr_IL2STAT5,15,explore_unreliable_model,-0.32780534037526166
guide_Stim8hr_IL2STAT5,16,explore_unreliable_model,-0.5877052001452105
guide_Stim8hr_IL2STAT5,16,explore_unreliable_model,-0.6531860019011466
guide_Stim8hr_IL2STAT5,16,explore_unreliable_model,-0.3359605797832419
guide_Stim8hr_IL2STAT5,16,explore_unreliable_model,-0.4359752409903528
guide_Stim8hr_IL2STAT5,17,explore_unreliable_model,-1.0826544859447504
guide_Stim8hr_IL2STAT5,17,explore_unreliable_model,-0.797724740900069
guide_Stim8hr_IL2STAT5,17,explore_unreliable_model,-0.8149342853705661
guide_Stim8hr_IL2STAT5,17,explore_unreliable_model,-0.4706070165291607
guide_Stim8hr_IL2STAT5,18,explore_unreliable_model,-0.22237517368208404
guide_Stim8hr_IL2STAT5,18,explore_unreliable_model,-1.3520360698449854
guide_Stim8hr_IL2STAT5,18,explore_unreliable_model,-0.776064388999095
guide_Stim8hr_IL2STAT5,18,explore_unreliable_model,-0.6542249621375038
guide_Stim8hr_IL2STAT5,19,explore_unreliable_model,-0.2048188513003728
guide_Stim8hr_IL2STAT5,19,exploit_with_exploration,0.11621906737603449
guide_Stim8hr_IL2STAT5,19,explore_unreliable_model,-0.7215145255298483
guide_Stim8hr_IL2STAT5,19,explore_unreliable_model,-0.46196870245985977
guide_Stim48hr_IFNG,0,explore_unreliable_model,-0.5113552531652341
guide_Stim48hr_IFNG,0,explore_unreliable_model,-1.6142014863639935
guide_Stim48hr_IFNG,0,explore_unreliable_model,-0.9277803875739874
guide_Stim48hr_IFNG,0,explore_unreliable_model,-0.6282778000500051
guide_Stim48hr_IFNG,1,exploit_with_exploration,0.16888736887261913
guide_Stim48hr_IFNG,1,explore_unreliable_model,-0.902949385255778
guide_Stim48hr_IFNG,1,explore_unreliable_model,-0.5424929263103109
guide_Stim48hr_IFNG,1,explore_unreliable_model,-0.36681132159753727
guide_Stim48hr_IFNG,2,explore_unreliable_model,-0.3591079832238515
guide_Stim48hr_IFNG,2,explore_unreliable_model,-0.8575843125873923
guide_Stim48hr_IFNG,2,explore_unreliable_model,-0.44976711942386904
guide_Stim48hr_IFNG,2,explore_unreliable_model,-0.5233415744788645
guide_Stim48hr_IFNG,3,explore_unreliable_model,-0.2442555642502131
guide_Stim48hr_IFNG,3,exploit_with_exploration,0.06097037440501474
guide_Stim48hr_IFNG,3,explore_unreliable_model,-0.5712148585764922
guide_Stim48hr_IFNG,3,explore_unreliable_model,-0.5032263550004541
guide_Stim48hr_IFNG,4,explore_unreliable_model,-0.5787732276382744
guide_Stim48hr_IFNG,4,explore_unreliable_model,-0.7190220854734961
guide_Stim48hr_IFNG,4,explore_unreliable_model,-0.7339848642173876
guide_Stim48hr_IFNG,4,explore_unreliable_model,-0.4939095866940222
guide_Stim48hr_IFNG,5,explore_unreliable_model,-0.49217785838703976
guide_Stim48hr_IFNG,5,explore_unreliable_model,-0.5360411380183856
guide_Stim48hr_IFNG,5,explore_unreliable_model,-0.3338840890939405
guide_Stim48hr_IFNG,5,explore_unreliable_model,-0.4296545732911454
guide_Stim48hr_IFNG,6,exploit_with_exploration,0.20561969970486016
guide_Stim48hr_IFNG,6,explore_unreliable_model,-0.9944562989676196
guide_Stim48hr_IFNG,6,explore_unreliable_model,-0.4915778960897328
guide_Stim48hr_IFNG,6,explore_unreliable_model,-0.31097787938565546
guide_Stim48hr_IFNG,7,explore_unreliable_model,-0.06206839424781507
guide_Stim48hr_IFNG,7,explore_unreliable_model,-1.1441720688105765
guide_Stim48hr_IFNG,7,explore_unreliable_model,-0.7613419970813011
guide_Stim48hr_IFNG,7,explore_unreliable_model,-0.49847484909165085
guide_Stim48hr_IFNG,8,exploit_with_exploration,0.10939502351520736
guide_Stim48hr_IFNG,8,explore_unreliable_model,-0.19935878570388277
guide_Stim48hr_IFNG,8,explore_unreliable_model,-0.7526183722379955
guide_Stim48hr_IFNG,8,explore_unreliable_model,-0.4139774686809028
guide_Stim48hr_IFNG,9,explore_unreliable_model,-0.29760526214822147
guide_Stim48hr_IFNG,9,explore_unreliable_model,-0.5697019094394087
guide_Stim48hr_IFNG,9,explore_unreliable_model,-0.6456654906452934
guide_Stim48hr_IFNG,9,explore_unreliable_model,-0.47586689401534943
guide_Stim48hr_IFNG,10,explore_unreliable_model,-0.14868388375176078
guide_Stim48hr_IFNG,10,explore_unreliable_model,-1.0569036279215998
guide_Stim48hr_IFNG,10,explore_unreliable_model,-0.6856042896370285
guide_Stim48hr_IFNG,10,explore_unreliable_model,-0.5654776544931044
guide_Stim48hr_IFNG,11,explore_unreliable_model,-0.09853508568493519
guide_Stim48hr_IFNG,11,explore_unreliable_model,-0.15731613603264494
guide_Stim48hr_IFNG,11,exploit_with_exploration,0.07518456026225151
guide_Stim48hr_IFNG,11,explore_unreliable_model,-0.4604511276721417
guide_Stim48hr_IFNG,12,explore_unreliable_model,-0.535848030093163
guide_Stim48hr_IFNG,12,explore_unreliable_model,-0.5475201196596002
guide_Stim48hr_IFNG,12,explore_unreliable_model,-0.8335627620370525
guide_Stim48hr_IFNG,12,explore_unreliable_model,-0.7133134186199934
guide_Stim48hr_IFNG,13,explore_unreliable_model,-0.28764318149602053
guide_Stim48hr_IFNG,13,explore_unreliable_model,-0.6281442047082324
guide_Stim48hr_IFNG,13,explore_unreliable_model,-0.7174991459276088
guide_Stim48hr_IFNG,13,explore_unreliable_model,-0.5376214952731906
guide_Stim48hr_IFNG,14,explore_unreliable_model,-0.4997464055689418
guide_Stim48hr_IFNG,14,explore_unreliable_model,-0.9009595636630663
guide_Stim48hr_IFNG,14,explore_unreliable_model,-0.5376321754457107
guide_Stim48hr_IFNG,14,explore_unreliable_model,-0.3504585472836623
guide_Stim48hr_IFNG,15,exploit_with_exploration,0.07995934738725918
guide_Stim48hr_IFNG,15,explore_unreliable_model,-1.005432327393375
guide_Stim48hr_IFNG,15,explore_unreliable_model,-0.5931062472465851
guide_Stim48hr_IFNG,15,explore_unreliable_model,-0.3714138752428988
guide_Stim48hr_IFNG,16,explore_unreliable_model,-1.3911830166041765
guide_Stim48hr_IFNG,16,explore_unreliable_model,-1.590386547992284
guide_Stim48hr_IFNG,16,explore_unreliable_model,-1.0360432548130762
guide_Stim48hr_IFNG,16,explore_unreliable_model,-0.7213861869059299
guide_Stim48hr_IFNG,17,explore_unreliable_model,-0.8896920093737548
guide_Stim48hr_IFNG,17,explore_unreliable_model,-0.5924627354454859
guide_Stim48hr_IFNG,17,explore_unreliable_model,-0.26038826830849326
guide_Stim48hr_IFNG,17,explore_unreliable_model,-0.25245924538444586
guide_Stim48hr_IFNG,18,exploit_with_exploration,0.26632604075134136
guide_Stim48hr_IFNG,18,explore_unreliable_model,-0.5693849314542159
guide_Stim48hr_IFNG,18,explore_unreliable_model,-0.6225727711215061
guide_Stim48hr_IFNG,18,explore_unreliable_model,-0.6325639566327603
guide_Stim48hr_IFNG,19,explore_unreliable_model,-0.6371772182518822
guide_Stim48hr_IFNG,19,explore_unreliable_model,-0.6435384409182017
guide_Stim48hr_IFNG,19,explore_unreliable_model,-0.8433239230153178
guide_Stim48hr_IFNG,19,explore_unreliable_model,-0.36573133139400427
guide_Stim48hr_TNFA,0,explore_unreliable_model,-0.6650828381098985
guide_Stim48hr_TNFA,0,explore_unreliable_model,-1.1221642038686124
guide_Stim48hr_TNFA,0,explore_unreliable_model,-0.9141147327673915
guide_Stim48hr_TNFA,0,explore_unreliable_model,-0.7855467408162866
guide_Stim48hr_TNFA,1,explore_unreliable_model,-0.6856289071653201
guide_Stim48hr_TNFA,1,explore_unreliable_model,-0.015146699160493826
guide_Stim48hr_TNFA,1,explore_unreliable_model,-0.07814417949138819
guide_Stim48hr_TNFA,1,explore_unreliable_model,-0.396537505876313
guide_Stim48hr_TNFA,2,exploit_with_exploration,0.02029988988850706
guide_Stim48hr_TNFA,2,explore_unreliable_model,-0.5476237039199232
guide_Stim48hr_TNFA,2,explore_unreliable_model,-0.7511100960031354
guide_Stim48hr_TNFA,2,explore_unreliable_model,-0.5190758189588129
guide_Stim48hr_TNFA,3,explore_unreliable_model,-0.17849908092761035
guide_Stim48hr_TNFA,3,explore_unreliable_model,-0.8498790686416133
guide_Stim48hr_TNFA,3,explore_unreliable_model,-1.039478290850643
guide_Stim48hr_TNFA,3,explore_unreliable_model,-0.8411927877521093
guide_Stim48hr_TNFA,4,exploit_with_exploration,0.03127656394342926
guide_Stim48hr_TNFA,4,explore_unreliable_model,-0.9389126332364057
guide_Stim48hr_TNFA,4,explore_unreliable_model,-0.8268124214423624
guide_Stim48hr_TNFA,4,explore_unreliable_model,-0.7824504122344527
guide_Stim48hr_TNFA,5,exploit_with_exploration,0.04380144485584747
guide_Stim48hr_TNFA,5,explore_unreliable_model,-0.8162276325463029
guide_Stim48hr_TNFA,5,explore_unreliable_model,-0.416637597649022
guide_Stim48hr_TNFA,5,explore_unreliable_model,-0.727403628938136
guide_Stim48hr_TNFA,6,exploit_with_exploration,0.14773476377468786
guide_Stim48hr_TNFA,6,explore_unreliable_model,-0.41037550338278983
guide_Stim48hr_TNFA,6,explore_unreliable_model,-0.29513900062995924
guide_Stim48hr_TNFA,6,explore_unreliable_model,-0.5169873058881436
guide_Stim48hr_TNFA,7,explore_unreliable_model,-0.36519069047747843
guide_Stim48hr_TNFA,7,exploit_with_exploration,0.0785443433509514
guide_Stim48hr_TNFA,7,explore_unreliable_model,-0.7627384226665228
guide_Stim48hr_TNFA,7,explore_unreliable_model,-0.5861714064375774
guide_Stim48hr_TNFA,8,explore_unreliable_model,-0.8256438831674318
guide_Stim48hr_TNFA,8,explore_unreliable_model,-0.5307315139769138
guide_Stim48hr_TNFA,8,explore_unreliable_model,-0.5279432700210704
guide_Stim48hr_TNFA,8,explore_unreliable_model,-0.5319455856313837
guide_Stim48hr_TNFA,9,exploit_with_exploration,0.06749974178323326
guide_Stim48hr_TNFA,9,explore_unreliable_model,-0.3571909495813048
guide_Stim48hr_TNFA,9,explore_unreliable_model,-0.18409207073794454
guide_Stim48hr_TNFA,9,explore_unreliable_model,-0.601826108857147
guide_Stim48hr_TNFA,10,exploit_with_exploration,0.15818210327103988
guide_Stim48hr_TNFA,10,explore_unreliable_model,-0.773665515733073
guide_Stim48hr_TNFA,10,explore_unreliable_model,-0.5914282661130428
guide_Stim48hr_TNFA,10,explore_unreliable_model,-0.9169788736201365
guide_Stim48hr_TNFA,11,explore_unreliable_model,-0.2759145825451983
guide_Stim48hr_TNFA,11,explore_unreliable_model,-0.04252327556007751
guide_Stim48hr_TNFA,11,explore_unreliable_model,-0.1838937019108784
guide_Stim48hr_TNFA,11,explore_unreliable_model,-0.26323623521239403
guide_Stim48hr_TNFA,12,explore_unreliable_model,-0.6197523396483178
guide_Stim48hr_TNFA,12,explore_unreliable_model,-1.0029270391525902
guide_Stim48hr_TNFA,12,explore_unreliable_model,-0.2711648415957384
guide_Stim48hr_TNFA,12,explore_unreliable_model,-0.31381701718326216
guide_Stim48hr_TNFA,13,explore_unreliable_model,-0.2738705788630318
guide_Stim48hr_TNFA,13,explore_unreliable_model,-1.080349811622554
guide_Stim48hr_TNFA,13,explore_unreliable_model,-1.162443258960364
guide_Stim48hr_TNFA,13,explore_unreliable_model,-0.6868226846249452
guide_Stim48hr_TNFA,14,exploit_with_exploration,0.26339374598195575
guide_Stim48hr_TNFA,14,explore_unreliable_model,-0.2593670872397891
guide_Stim48hr_TNFA,14,explore_unreliable_model,-0.2800753367680553
guide_Stim48hr_TNFA,14,explore_unreliable_model,-0.37321915558135
guide_Stim48hr_TNFA,15,explore_unreliable_model,-0.5621293947526849
guide_Stim48hr_TNFA,15,explore_unreliable_model,-1.2528676705691026
guide_Stim48hr_TNFA,15,explore_unreliable_model,-0.7170121824730356
guide_Stim48hr_TNFA,15,explore_unreliable_model,-0.5597073193648481
guide_Stim48hr_TNFA,16,explore_unreliable_model,-0.09605055007144991
guide_Stim48hr_TNFA,16,explore_unreliable_model,-0.48754108560337417
guide_Stim48hr_TNFA,16,explore_unreliable_model,-0.9189282740698128
guide_Stim48hr_TNFA,16,explore_unreliable_model,-0.5106521958115842
guide_Stim48hr_TNFA,17,explore_unreliable_model,-1.8935395873106922
guide_Stim48hr_TNFA,17,explore_unreliable_model,-1.4970317291179005
guide_Stim48hr_TNFA,17,explore_unreliable_model,-0.8826406978760248
guide_Stim48hr_TNFA,17,explore_unreliable_model,-0.5953186020460677
guide_Stim48hr_TNFA,18,explore_unreliable_model,-0.3246808859011121
guide_Stim48hr_TNFA,18,explore_unreliable_model,-0.1252138906231759
guide_Stim48hr_TNFA,18,explore_unreliable_model,-0.4224686033839238
guide_Stim48hr_TNFA,18,explore_unreliable_model,-0.4497517070323791
guide_Stim48hr_TNFA,19,explore_unreliable_model,-0.41481381575237086
guide_Stim48hr_TNFA,19,explore_unreliable_model,-0.7089667882413717
guide_Stim48hr_TNFA,19,explore_unreliable_model,-0.5794860886465787
guide_Stim48hr_TNFA,19,explore_unreliable_model,-0.6847725301047674
guide_Stim48hr_IL2STAT5,0,explore_unreliable_model,-0.14500833110970857
guide_Stim48hr_IL2STAT5,0,explore_unreliable_model,-0.9512707713845934
guide_Stim48hr_IL2STAT5,0,explore_unreliable_model,-0.6457713472470261
guide_Stim48hr_IL2STAT5,0,explore_unreliable_model,-0.8667758226556006
guide_Stim48hr_IL2STAT5,1,explore_unreliable_model,-0.26799293745669517
guide_Stim48hr_IL2STAT5,1,explore_unreliable_model,-0.2499402083465061
guide_Stim48hr_IL2STAT5,1,explore_unreliable_model,-0.32375420559637025
guide_Stim48hr_IL2STAT5,1,explore_unreliable_model,-0.2829118939002655
guide_Stim48hr_IL2STAT5,2,explore_unreliable_model,-0.47722481600271016
guide_Stim48hr_IL2STAT5,2,explore_unreliable_model,-1.0632828978515318
guide_Stim48hr_IL2STAT5,2,explore_unreliable_model,-0.9723451891667445
guide_Stim48hr_IL2STAT5,2,explore_unreliable_model,-0.652755025465553
guide_Stim48hr_IL2STAT5,3,explore_unreliable_model,-0.5319550303473672
guide_Stim48hr_IL2STAT5,3,explore_unreliable_model,-0.08440633187278523
guide_Stim48hr_IL2STAT5,3,explore_unreliable_model,-0.08099803792312565
guide_Stim48hr_IL2STAT5,3,explore_unreliable_model,-0.18968432861223294
guide_Stim48hr_IL2STAT5,4,exploit_with_exploration,0.24107142867189246
guide_Stim48hr_IL2STAT5,4,explore_unreliable_model,-0.8213678457173612
guide_Stim48hr_IL2STAT5,4,explore_unreliable_model,-0.6193699440254625
guide_Stim48hr_IL2STAT5,4,explore_unreliable_model,-0.3642050326725179
guide_Stim48hr_IL2STAT5,5,explore_unreliable_model,-0.4878277192349032
guide_Stim48hr_IL2STAT5,5,explore_unreliable_model,-0.40950263271594256
guide_Stim48hr_IL2STAT5,5,explore_unreliable_model,-0.7277937517833624
guide_Stim48hr_IL2STAT5,5,explore_unreliable_model,-0.5272231711686035
guide_Stim48hr_IL2STAT5,6,explore_unreliable_model,-0.2532753801777403
guide_Stim48hr_IL2STAT5,6,explore_unreliable_model,-1.390083463352485
guide_Stim48hr_IL2STAT5,6,explore_unreliable_model,-0.7055866641835846
guide_Stim48hr_IL2STAT5,6,explore_unreliable_model,-0.43586963514885424
guide_Stim48hr_IL2STAT5,7,explore_unreliable_model,-0.2521537580175912
guide_Stim48hr_IL2STAT5,7,explore_unreliable_model,-0.3189500637630096
guide_Stim48hr_IL2STAT5,7,explore_unreliable_model,-0.3484703790539605
guide_Stim48hr_IL2STAT5,7,explore_unreliable_model,-0.37906052622599296
guide_Stim48hr_IL2STAT5,8,explore_unreliable_model,-0.2557919725633173
guide_Stim48hr_IL2STAT5,8,exploit_with_exploration,0.06722314716429789
guide_Stim48hr_IL2STAT5,8,explore_unreliable_model,-0.48811231443646363
guide_Stim48hr_IL2STAT5,8,explore_unreliable_model,-0.4765724980687762
guide_Stim48hr_IL2STAT5,9,explore_unreliable_model,-1.4196626650699904
guide_Stim48hr_IL2STAT5,9,explore_unreliable_model,-0.2759192984022645
guide_Stim48hr_IL2STAT5,9,explore_unreliable_model,-0.05504025748350516
guide_Stim48hr_IL2STAT5,9,explore_unreliable_model,-0.261248494132712
guide_Stim48hr_IL2STAT5,10,explore_unreliable_model,-0.3346636809410035
guide_Stim48hr_IL2STAT5,10,explore_unreliable_model,-0.585809840852032
guide_Stim48hr_IL2STAT5,10,explore_unreliable_model,-0.6556197699315067
guide_Stim48hr_IL2STAT5,10,explore_unreliable_model,-0.551839025086337
guide_Stim48hr_IL2STAT5,11,explore_unreliable_model,-0.9695049901413171
guide_Stim48hr_IL2STAT5,11,exploit_with_exploration,0.07048095712039681
guide_Stim48hr_IL2STAT5,11,explore_unreliable_model,-0.6493917251521408
guide_Stim48hr_IL2STAT5,11,explore_unreliable_model,-0.7100158807586674
guide_Stim48hr_IL2STAT5,12,explore_unreliable_model,-0.24898631182946218
guide_Stim48hr_IL2STAT5,12,explore_unreliable_model,-0.8818769273795424
guide_Stim48hr_IL2STAT5,12,explore_unreliable_model,-0.38793300874032743
guide_Stim48hr_IL2STAT5,12,explore_unreliable_model,-0.36693608667141153
guide_Stim48hr_IL2STAT5,13,explore_unreliable_model,-0.32112061047766804
guide_Stim48hr_IL2STAT5,13,explore_unreliable_model,-0.35324442888675534
guide_Stim48hr_IL2STAT5,13,explore_unreliable_model,-0.26620089123986435
guide_Stim48hr_IL2STAT5,13,explore_unreliable_model,-0.09978618451049526
guide_Stim48hr_IL2STAT5,14,explore_unreliable_model,-0.7527529855446851
guide_Stim48hr_IL2STAT5,14,explore_unreliable_model,-1.009778350807034
guide_Stim48hr_IL2STAT5,14,explore_unreliable_model,-0.6683462361862826
guide_Stim48hr_IL2STAT5,14,explore_unreliable_model,-0.5107571515395937
guide_Stim48hr_IL2STAT5,15,explore_unreliable_model,-1.3251647676570766
guide_Stim48hr_IL2STAT5,15,explore_unreliable_model,-1.1692813358547802
guide_Stim48hr_IL2STAT5,15,explore_unreliable_model,-0.9273228620053691
guide_Stim48hr_IL2STAT5,15,explore_unreliable_model,-0.6482848356965734
guide_Stim48hr_IL2STAT5,16,explore_unreliable_model,-0.003356365640654113
guide_Stim48hr_IL2STAT5,16,explore_unreliable_model,-0.2846300096786927
guide_Stim48hr_IL2STAT5,16,explore_unreliable_model,-0.5516401499253931
guide_Stim48hr_IL2STAT5,16,explore_unreliable_model,-0.5967776202599586
guide_Stim48hr_IL2STAT5,17,explore_unreliable_model,-0.463269217413506
guide_Stim48hr_IL2STAT5,17,explore_unreliable_model,-0.7928799171923895
guide_Stim48hr_IL2STAT5,17,explore_unreliable_model,-0.41633099107718596
guide_Stim48hr_IL2STAT5,17,explore_unreliable_model,-0.3583067188802693
guide_Stim48hr_IL2STAT5,18,exploit_with_exploration,0.05980637973332137
guide_Stim48hr_IL2STAT5,18,explore_unreliable_model,-0.6126537575800828
guide_Stim48hr_IL2STAT5,18,explore_unreliable_model,-0.528731447756277
guide_Stim48hr_IL2STAT5,18,explore_unreliable_model,-0.3280882272862773
guide_Stim48hr_IL2STAT5,19,explore_unreliable_model,-0.02775233038018654
guide_Stim48hr_IL2STAT5,19,explore_unreliable_model,-0.3692453587655813
guide_Stim48hr_IL2STAT5,19,explore_unreliable_model,-0.6607513995254664
guide_Stim48hr_IL2STAT5,19,explore_unreliable_model,-0.3433915928988869
donor_split1_IFNG,0,explore_unreliable_model,-0.3127229820917936
donor_split1_IFNG,0,explore_unreliable_model,-0.6743499679599632
donor_split1_IFNG,0,explore_unreliable_model,-0.7697717305149114
donor_split1_IFNG,0,explore_unreliable_model,-0.487509641590925
donor_split1_IFNG,1,explore_unreliable_model,-0.0953103692017363
donor_split1_IFNG,1,explore_unreliable_model,-0.2998136022825564
donor_split1_IFNG,1,exploit_with_exploration,0.0373898483004399
donor_split1_IFNG,1,explore_unreliable_model,-0.34972073134218373
donor_split1_IFNG,2,exploit_with_exploration,0.22891238578724005
donor_split1_IFNG,2,explore_unreliable_model,-0.47358004850063407
donor_split1_IFNG,2,explore_unreliable_model,-0.5565239353816414
donor_split1_IFNG,2,explore_unreliable_model,-0.41220071974865036
donor_split1_IFNG,3,exploit_with_exploration,0.2279093212430089
donor_split1_IFNG,3,explore_unreliable_model,-1.127234054683564
donor_split1_IFNG,3,explore_unreliable_model,-0.8130891924849906
donor_split1_IFNG,3,explore_unreliable_model,-0.6174498272860565
donor_split1_IFNG,4,explore_unreliable_model,-0.3047817121139147
donor_split1_IFNG,4,explore_unreliable_model,-1.2676031773004546
donor_split1_IFNG,4,explore_unreliable_model,-0.7880385840992428
donor_split1_IFNG,4,explore_unreliable_model,-0.41181467858123844
donor_split1_IFNG,5,explore_unreliable_model,-0.460139791184744
donor_split1_IFNG,5,explore_unreliable_model,-0.4630968427013147
donor_split1_IFNG,5,explore_unreliable_model,-0.49950042535684225
donor_split1_IFNG,5,explore_unreliable_model,-0.21483324218777833
donor_split1_IFNG,6,explore_unreliable_model,-0.9497232086148086
donor_split1_IFNG,6,explore_unreliable_model,-0.44201326828291587
donor_split1_IFNG,6,explore_unreliable_model,-0.8105715555998505
donor_split1_IFNG,6,explore_unreliable_model,-0.5452308848394258
donor_split1_IFNG,7,explore_unreliable_model,-0.31986915970294305
donor_split1_IFNG,7,explore_unreliable_model,-0.46846105710524855
donor_split1_IFNG,7,explore_unreliable_model,-0.1436465823963584
donor_split1_IFNG,7,explore_unreliable_model,-0.14116426080101951
donor_split1_IFNG,8,explore_unreliable_model,-0.0771115511326792
donor_split1_IFNG,8,explore_unreliable_model,-0.8456359836293128
donor_split1_IFNG,8,explore_unreliable_model,-0.5868115604604236
donor_split1_IFNG,8,explore_unreliable_model,-0.3840844369790284
donor_split1_IFNG,9,explore_unreliable_model,-0.7112833125602629
donor_split1_IFNG,9,explore_unreliable_model,-1.159957608211835
donor_split1_IFNG,9,explore_unreliable_model,-0.4713734016049409
donor_split1_IFNG,9,explore_unreliable_model,-0.2984204100666892
donor_split1_IFNG,10,explore_unreliable_model,-0.6028810088159722
donor_split1_IFNG,10,explore_unreliable_model,-0.7192308262846132
donor_split1_IFNG,10,explore_unreliable_model,-0.2570452743461775
donor_split1_IFNG,10,explore_unreliable_model,-0.09897629523052776
donor_split1_IFNG,11,explore_unreliable_model,-0.5151003557342353
donor_split1_IFNG,11,explore_unreliable_model,-0.19384947112751494
donor_split1_IFNG,11,explore_unreliable_model,-0.42854751097372557
donor_split1_IFNG,11,explore_unreliable_model,-0.11293943234569626
donor_split1_IFNG,12,explore_unreliable_model,-0.4854994102376602
donor_split1_IFNG,12,explore_unreliable_model,-0.42694088402664465
donor_split1_IFNG,12,explore_unreliable_model,-0.23651710801658776
donor_split1_IFNG,12,explore_unreliable_model,-0.2345873965687657
donor_split1_IFNG,13,explore_unreliable_model,-0.6503229997929738
donor_split1_IFNG,13,explore_unreliable_model,-0.8613632635236983
donor_split1_IFNG,13,explore_unreliable_model,-0.6440259826503594
donor_split1_IFNG,13,explore_unreliable_model,-0.2808896641620524
donor_split1_IFNG,14,explore_unreliable_model,-0.6920013089706236
donor_split1_IFNG,14,explore_unreliable_model,-0.9521570047834018
donor_split1_IFNG,14,explore_unreliable_model,-0.21683380701817923
donor_split1_IFNG,14,explore_unreliable_model,-0.24392356449096053
donor_split1_IFNG,15,explore_unreliable_model,-0.12243361540724584
donor_split1_IFNG,15,explore_unreliable_model,-0.7446363490858281
donor_split1_IFNG,15,explore_unreliable_model,-0.5030991319720677
donor_split1_IFNG,15,explore_unreliable_model,-0.43641576948643057
donor_split1_IFNG,16,explore_unreliable_model,-0.42731275191650897
donor_split1_IFNG,16,explore_unreliable_model,-0.8145137889384304
donor_split1_IFNG,16,explore_unreliable_model,-0.07313701409979911
donor_split1_IFNG,16,explore_unreliable_model,-0.20251828423854956
donor_split1_IFNG,17,exploit_with_exploration,0.1658447311037463
donor_split1_IFNG,17,explore_unreliable_model,-0.06570778931029242
donor_split1_IFNG,17,explore_unreliable_model,-0.5273473783941343
donor_split1_IFNG,17,explore_unreliable_model,-0.4335580162186665
donor_split1_IFNG,18,exploit_with_exploration,0.24325444923292427
donor_split1_IFNG,18,explore_unreliable_model,-0.36109500234683556
donor_split1_IFNG,18,explore_unreliable_model,-0.6664699722575427
donor_split1_IFNG,18,explore_unreliable_model,-0.33001319135444307
donor_split1_IFNG,19,explore_unreliable_model,-0.15431100310374957
donor_split1_IFNG,19,explore_unreliable_model,-0.5125667936308993
donor_split1_IFNG,19,explore_unreliable_model,-0.3362640489665041
donor_split1_IFNG,19,explore_unreliable_model,-0.22228696658027514
donor_split1_TNFA,0,explore_unreliable_model,-0.6036873934939044
donor_split1_TNFA,0,explore_unreliable_model,-0.6637433980474678
donor_split1_TNFA,0,explore_unreliable_model,-0.35588181470579094
donor_split1_TNFA,0,explore_unreliable_model,-0.13591907405280024
donor_split1_TNFA,1,explore_unreliable_model,-1.1365842970363316
donor_split1_TNFA,1,explore_unreliable_model,-1.049200986220351
donor_split1_TNFA,1,explore_unreliable_model,-0.6447536476587015
donor_split1_TNFA,1,explore_unreliable_model,-0.41135050605602363
donor_split1_TNFA,2,explore_unreliable_model,-0.9895365903487459
donor_split1_TNFA,2,explore_unreliable_model,-0.6785653588433938
donor_split1_TNFA,2,explore_unreliable_model,-0.6523036783512806
donor_split1_TNFA,2,explore_unreliable_model,-0.41416216102254766
donor_split1_TNFA,3,explore_unreliable_model,-0.7821017947771824
donor_split1_TNFA,3,explore_unreliable_model,-0.2678277949980774
donor_split1_TNFA,3,explore_unreliable_model,-0.2825715215710929
donor_split1_TNFA,3,explore_unreliable_model,-0.4162396001362898
donor_split1_TNFA,4,explore_unreliable_model,-0.13676425592269736
donor_split1_TNFA,4,explore_unreliable_model,-0.7293389132920574
donor_split1_TNFA,4,explore_unreliable_model,-0.7299185007339322
donor_split1_TNFA,4,explore_unreliable_model,-0.448566756892415
donor_split1_TNFA,5,explore_unreliable_model,-0.7265937485618958
donor_split1_TNFA,5,explore_unreliable_model,-0.5798939460703894
donor_split1_TNFA,5,explore_unreliable_model,-0.6294544661975314
donor_split1_TNFA,5,explore_unreliable_model,-0.5958072146430178
donor_split1_TNFA,6,explore_unreliable_model,-0.18286138560663723
donor_split1_TNFA,6,explore_unreliable_model,-0.396482451633841
donor_split1_TNFA,6,explore_unreliable_model,-0.06519009292129385
donor_split1_TNFA,6,exploit_with_exploration,0.009510209189526941
donor_split1_TNFA,7,explore_unreliable_model,-0.0877642835932606
donor_split1_TNFA,7,explore_unreliable_model,-0.1493388098142423
donor_split1_TNFA,7,explore_unreliable_model,-0.3083573772653352
donor_split1_TNFA,7,explore_unreliable_model,-0.3233725408543022
donor_split1_TNFA,8,explore_unreliable_model,-0.1701498603911651
donor_split1_TNFA,8,explore_unreliable_model,-0.4663379083426138
donor_split1_TNFA,8,explore_unreliable_model,-0.5175140878662654
donor_split1_TNFA,8,explore_unreliable_model,-0.48889745333178314
donor_split1_TNFA,9,explore_unreliable_model,-1.1349771531015587
donor_split1_TNFA,9,explore_unreliable_model,-0.4512165069561531
donor_split1_TNFA,9,explore_unreliable_model,-0.37968647649981957
donor_split1_TNFA,9,explore_unreliable_model,-0.49067528230814683
donor_split1_TNFA,10,explore_unreliable_model,-0.08501577457337817
donor_split1_TNFA,10,exploit_with_exploration,0.20606630897317724
donor_split1_TNFA,10,explore_unreliable_model,-0.30668041188410067
donor_split1_TNFA,10,explore_unreliable_model,-0.2557196816024061
donor_split1_TNFA,11,explore_unreliable_model,-0.08946339866774822
donor_split1_TNFA,11,explore_unreliable_model,-0.2187752608115272
donor_split1_TNFA,11,explore_unreliable_model,-0.0692266684375864
donor_split1_TNFA,11,explore_unreliable_model,-0.17035054094714996
donor_split1_TNFA,12,exploit_with_exploration,0.023300725808025113
donor_split1_TNFA,12,explore_unreliable_model,-0.9774871359105282
donor_split1_TNFA,12,explore_unreliable_model,-0.5223057570766145
donor_split1_TNFA,12,explore_unreliable_model,-0.47092330423558315
donor_split1_TNFA,13,explore_unreliable_model,-0.4379003941565309
donor_split1_TNFA,13,explore_unreliable_model,-1.78692070034135
donor_split1_TNFA,13,explore_unreliable_model,-0.7484488035285481
donor_split1_TNFA,13,explore_unreliable_model,-0.5122516860376376
donor_split1_TNFA,14,explore_unreliable_model,-0.09174029783144855
donor_split1_TNFA,14,explore_unreliable_model,-0.18331140116141365
donor_split1_TNFA,14,explore_unreliable_model,-0.37327724200649914
donor_split1_TNFA,14,explore_unreliable_model,-0.4562843904160039
donor_split1_TNFA,15,exploit_with_exploration,0.026726290997590607
donor_split1_TNFA,15,explore_unreliable_model,-0.8683315093446582
donor_split1_TNFA,15,explore_unreliable_model,-0.6577890901631469
donor_split1_TNFA,15,explore_unreliable_model,-0.45758656371842243
donor_split1_TNFA,16,exploit_with_exploration,0.10425533061554482
donor_split1_TNFA,16,explore_unreliable_model,-0.050532885621425105
donor_split1_TNFA,16,explore_unreliable_model,-0.28579970593897364
donor_split1_TNFA,16,explore_unreliable_model,-0.3326074584543308
donor_split1_TNFA,17,explore_unreliable_model,-0.7299825348915969
donor_split1_TNFA,17,explore_unreliable_model,-0.4952310978283472
donor_split1_TNFA,17,explore_unreliable_model,-0.17002536120033196
donor_split1_TNFA,17,explore_unreliable_model,-0.23802550757527108
donor_split1_TNFA,18,exploit_with_exploration,0.06008484040326745
donor_split1_TNFA,18,explore_unreliable_model,-0.7591428730248653
donor_split1_TNFA,18,explore_unreliable_model,-0.5037780853160854
donor_split1_TNFA,18,explore_unreliable_model,-0.36796799427865046
donor_split1_TNFA,19,exploit_with_exploration,0.0731894806862815
donor_split1_TNFA,19,explore_unreliable_model,-0.18859760811601256
donor_split1_TNFA,19,explore_unreliable_model,-0.21862813501024858
donor_split1_TNFA,19,explore_unreliable_model,-0.30290588349522096
donor_split1_IL2STAT5,0,explore_unreliable_model,-0.5716426991260186
donor_split1_IL2STAT5,0,explore_unreliable_model,-0.5986919785504432
donor_split1_IL2STAT5,0,explore_unreliable_model,-0.5010440379089791
donor_split1_IL2STAT5,0,explore_unreliable_model,-0.2565076340323573
donor_split1_IL2STAT5,1,explore_unreliable_model,-0.17442553275096362
donor_split1_IL2STAT5,1,explore_unreliable_model,-0.8234800335863837
donor_split1_IL2STAT5,1,explore_unreliable_model,-0.773154283789993
donor_split1_IL2STAT5,1,explore_unreliable_model,-0.39734705984770824
donor_split1_IL2STAT5,2,explore_unreliable_model,-0.4291400252249473
donor_split1_IL2STAT5,2,explore_unreliable_model,-0.7953882636402605
donor_split1_IL2STAT5,2,explore_unreliable_model,-0.18612070813373127
donor_split1_IL2STAT5,2,explore_unreliable_model,-0.3256449861684503
donor_split1_IL2STAT5,3,explore_unreliable_model,-0.39050902453159186
donor_split1_IL2STAT5,3,explore_unreliable_model,-0.11918077852564046
donor_split1_IL2STAT5,3,explore_unreliable_model,-0.37595791034467707
donor_split1_IL2STAT5,3,explore_unreliable_model,-0.4194925424584157
donor_split1_IL2STAT5,4,explore_unreliable_model,-0.18221780349195393
donor_split1_IL2STAT5,4,explore_unreliable_model,-0.3487178944098208
donor_split1_IL2STAT5,4,explore_unreliable_model,-0.43624098140298884
donor_split1_IL2STAT5,4,explore_unreliable_model,-0.3674554911404886
donor_split1_IL2STAT5,5,exploit_with_exploration,0.045857931096572324
donor_split1_IL2STAT5,5,explore_unreliable_model,-0.23440687100709745
donor_split1_IL2STAT5,5,explore_unreliable_model,-0.4901908654435696
donor_split1_IL2STAT5,5,explore_unreliable_model,-0.470942276748495
donor_split1_IL2STAT5,6,explore_unreliable_model,-0.26959067593559505
donor_split1_IL2STAT5,6,explore_unreliable_model,-0.7251223626644472
donor_split1_IL2STAT5,6,explore_unreliable_model,-0.41214494247470745
donor_split1_IL2STAT5,6,explore_unreliable_model,-0.34846217108463096
donor_split1_IL2STAT5,7,explore_unreliable_model,-0.6006418181915405
donor_split1_IL2STAT5,7,explore_unreliable_model,-1.2221302433185612
donor_split1_IL2STAT5,7,explore_unreliable_model,-0.8363801254516925
donor_split1_IL2STAT5,7,explore_unreliable_model,-0.7266901549627407
donor_split1_IL2STAT5,8,explore_unreliable_model,-0.35137639690819333
donor_split1_IL2STAT5,8,explore_unreliable_model,-0.6897698793258593
donor_split1_IL2STAT5,8,explore_unreliable_model,-0.5450472440843481
donor_split1_IL2STAT5,8,explore_unreliable_model,-0.4284193493072943
donor_split1_IL2STAT5,9,explore_unreliable_model,-0.7121985893430895
donor_split1_IL2STAT5,9,explore_unreliable_model,-0.6059950995392014
donor_split1_IL2STAT5,9,explore_unreliable_model,-0.45731129971874473
donor_split1_IL2STAT5,9,explore_unreliable_model,-0.5510972035467365
donor_split1_IL2STAT5,10,explore_unreliable_model,-0.6846225445096654
donor_split1_IL2STAT5,10,explore_unreliable_model,-0.17118418065398888
donor_split1_IL2STAT5,10,explore_unreliable_model,-0.3115666850726273
donor_split1_IL2STAT5,10,explore_unreliable_model,-0.31261678553941175
donor_split1_IL2STAT5,11,explore_unreliable_model,-0.10197472290447829
donor_split1_IL2STAT5,11,explore_unreliable_model,-0.16100400111267454
donor_split1_IL2STAT5,11,explore_unreliable_model,-0.1280337465900565
donor_split1_IL2STAT5,11,explore_unreliable_model,-0.030578709116958924
donor_split1_IL2STAT5,12,explore_unreliable_model,-0.3687659766415943
donor_split1_IL2STAT5,12,explore_unreliable_model,-0.7248354589596324
donor_split1_IL2STAT5,12,explore_unreliable_model,-0.4975671531520127
donor_split1_IL2STAT5,12,explore_unreliable_model,-0.5543654164105509
donor_split1_IL2STAT5,13,explore_unreliable_model,-0.38114357660750553
donor_split1_IL2STAT5,13,explore_unreliable_model,-0.4519683538826478
donor_split1_IL2STAT5,13,explore_unreliable_model,-0.5250576788541592
donor_split1_IL2STAT5,13,explore_unreliable_model,-0.4037326622045079
donor_split1_IL2STAT5,14,explore_unreliable_model,-0.23949289319367595
donor_split1_IL2STAT5,14,explore_unreliable_model,-0.35647559130230255
donor_split1_IL2STAT5,14,explore_unreliable_model,-0.2943814111431662
donor_split1_IL2STAT5,14,explore_unreliable_model,-0.2986058081946419
donor_split1_IL2STAT5,15,exploit_with_exploration,0.27345122322415916
donor_split1_IL2STAT5,15,explore_unreliable_model,-0.6454213695712419
donor_split1_IL2STAT5,15,explore_unreliable_model,-0.5167597789419391
donor_split1_IL2STAT5,15,explore_unreliable_model,-0.2079192144728077
donor_split1_IL2STAT5,16,exploit_with_exploration,0.05263327153852637
donor_split1_IL2STAT5,16,explore_unreliable_model,-0.364975904257135
donor_split1_IL2STAT5,16,explore_unreliable_model,-0.7962564780406074
donor_split1_IL2STAT5,16,explore_unreliable_model,-0.29923577522218103
donor_split1_IL2STAT5,17,explore_unreliable_model,-0.3820678557522572
donor_split1_IL2STAT5,17,explore_unreliable_model,-0.25773793380451937
donor_split1_IL2STAT5,17,explore_unreliable_model,-0.47430282300638504
donor_split1_IL2STAT5,17,explore_unreliable_model,-0.37845262232082066
donor_split1_IL2STAT5,18,exploit_with_exploration,0.3197085478380731
donor_split1_IL2STAT5,18,explore_unreliable_model,-0.9018602064548833
donor_split1_IL2STAT5,18,explore_unreliable_model,-0.8201924122957982
donor_split1_IL2STAT5,18,explore_unreliable_model,-0.5702104724352706
donor_split1_IL2STAT5,19,explore_unreliable_model,-0.24745852792753587
donor_split1_IL2STAT5,19,explore_unreliable_model,-0.5739425384117991
donor_split1_IL2STAT5,19,explore_unreliable_model,-0.8179243208643259
donor_split1_IL2STAT5,19,explore_unreliable_model,-0.7856149137126132
donor_split2_IFNG,0,explore_unreliable_model,-0.3118252242603181
donor_split2_IFNG,0,explore_unreliable_model,-0.6006047108123587
donor_split2_IFNG,0,explore_unreliable_model,-0.9355133307762151
donor_split2_IFNG,0,explore_unreliable_model,-0.538821723709966
donor_split2_IFNG,1,explore_unreliable_model,-0.030852890147956336
donor_split2_IFNG,1,explore_unreliable_model,-0.26350226840469393
donor_split2_IFNG,1,exploit_with_exploration,0.040258310417095156
donor_split2_IFNG,1,explore_unreliable_model,-0.32985473463193227
donor_split2_IFNG,2,explore_unreliable_model,-0.30282489220355835
donor_split2_IFNG,2,explore_unreliable_model,-0.6054779963346222
donor_split2_IFNG,2,explore_unreliable_model,-0.3463725926970138
donor_split2_IFNG,2,explore_unreliable_model,-0.1879718670118129
donor_split2_IFNG,3,exploit_with_exploration,0.18509300872320278
donor_split2_IFNG,3,explore_unreliable_model,-1.1881375741440534
donor_split2_IFNG,3,explore_unreliable_model,-0.800977368224717
donor_split2_IFNG,3,explore_unreliable_model,-0.42379789505799703
donor_split2_IFNG,4,explore_unreliable_model,-1.000290679751108
donor_split2_IFNG,4,explore_unreliable_model,-1.4056366185594218
donor_split2_IFNG,4,explore_unreliable_model,-0.8434383369556737
donor_split2_IFNG,4,explore_unreliable_model,-0.5536997829604826
donor_split2_IFNG,5,explore_unreliable_model,-0.0761824401183595
donor_split2_IFNG,5,explore_unreliable_model,-0.1819738205351098
donor_split2_IFNG,5,explore_unreliable_model,-0.3128598817309889
donor_split2_IFNG,5,explore_unreliable_model,-0.3121301213437244
donor_split2_IFNG,6,explore_unreliable_model,-0.2564406783330926
donor_split2_IFNG,6,explore_unreliable_model,-0.39669233522121794
donor_split2_IFNG,6,explore_unreliable_model,-0.8899315489480846
donor_split2_IFNG,6,explore_unreliable_model,-0.733888925811301
donor_split2_IFNG,7,explore_unreliable_model,-0.007290920430224501
donor_split2_IFNG,7,explore_unreliable_model,-0.28871108591498884
donor_split2_IFNG,7,explore_unreliable_model,-0.08846585992172273
donor_split2_IFNG,7,explore_unreliable_model,-0.16570794071330597
donor_split2_IFNG,8,exploit_with_exploration,0.5051394729368756
donor_split2_IFNG,8,explore_unreliable_model,-0.7129769232837484
donor_split2_IFNG,8,explore_unreliable_model,-0.17339542934273422
donor_split2_IFNG,8,explore_unreliable_model,-0.2824145531045221
donor_split2_IFNG,9,explore_unreliable_model,-0.835903633548424
donor_split2_IFNG,9,explore_unreliable_model,-1.3564785788765477
donor_split2_IFNG,9,explore_unreliable_model,-0.7885314125641536
donor_split2_IFNG,9,explore_unreliable_model,-0.5601851043045407
donor_split2_IFNG,10,explore_unreliable_model,-0.738813339099794
donor_split2_IFNG,10,explore_unreliable_model,-1.077547322371299
donor_split2_IFNG,10,explore_unreliable_model,-0.5236815142289186
donor_split2_IFNG,10,explore_unreliable_model,-0.3691911642368051
donor_split2_IFNG,11,explore_unreliable_model,-0.08464972880449384
donor_split2_IFNG,11,explore_unreliable_model,-0.3823184086990268
donor_split2_IFNG,11,explore_unreliable_model,-0.854193744543678
donor_split2_IFNG,11,explore_unreliable_model,-0.442090195337155
donor_split2_IFNG,12,explore_unreliable_model,-0.6534312926647838
donor_split2_IFNG,12,explore_unreliable_model,-0.4797958099667945
donor_split2_IFNG,12,explore_unreliable_model,-0.5992738962970339
donor_split2_IFNG,12,explore_unreliable_model,-0.2554098638366533
donor_split2_IFNG,13,explore_unreliable_model,-0.9676093155407397
donor_split2_IFNG,13,explore_unreliable_model,-1.1843716526867594
donor_split2_IFNG,13,explore_unreliable_model,-0.7385226239724858
donor_split2_IFNG,13,explore_unreliable_model,-0.2508616039297691
donor_split2_IFNG,14,exploit_with_exploration,0.04213152765581851
donor_split2_IFNG,14,explore_unreliable_model,-0.6335916398239911
donor_split2_IFNG,14,explore_unreliable_model,-0.4201993092585563
donor_split2_IFNG,14,explore_unreliable_model,-0.22572360532767521
donor_split2_IFNG,15,explore_unreliable_model,-0.3468062794840343
donor_split2_IFNG,15,explore_unreliable_model,-0.5044742015281898
donor_split2_IFNG,15,explore_unreliable_model,-0.33273795695887554
donor_split2_IFNG,15,explore_unreliable_model,-0.19668721950717627
donor_split2_IFNG,16,explore_unreliable_model,-0.21386223626203593
donor_split2_IFNG,16,explore_unreliable_model,-0.22520969952239334
donor_split2_IFNG,16,explore_unreliable_model,-0.23604354222809087
donor_split2_IFNG,16,explore_unreliable_model,-0.3852240373464231
donor_split2_IFNG,17,explore_unreliable_model,-0.1368917634509459
donor_split2_IFNG,17,explore_unreliable_model,-1.590328799466326
donor_split2_IFNG,17,explore_unreliable_model,-1.0222479493556786
donor_split2_IFNG,17,explore_unreliable_model,-0.661148523783335
donor_split2_IFNG,18,exploit_with_exploration,0.037136912399669764
donor_split2_IFNG,18,explore_unreliable_model,-0.41664591740043044
donor_split2_IFNG,18,explore_unreliable_model,-0.7954631440359938
donor_split2_IFNG,18,explore_unreliable_model,-0.7068539000862077
donor_split2_IFNG,19,explore_unreliable_model,-0.29227328012550235
donor_split2_IFNG,19,exploit_with_exploration,0.022517143376931892
donor_split2_IFNG,19,explore_unreliable_model,-0.3231160725000708
donor_split2_IFNG,19,explore_unreliable_model,-0.5079801263481918
donor_split2_TNFA,0,explore_unreliable_model,-0.286055392770425
donor_split2_TNFA,0,explore_unreliable_model,-0.35738235526513407
donor_split2_TNFA,0,explore_unreliable_model,-0.5219552950109381
donor_split2_TNFA,0,explore_unreliable_model,-0.28786898296691543
donor_split2_TNFA,1,explore_unreliable_model,-0.4246048703669758
donor_split2_TNFA,1,explore_unreliable_model,-0.17228054339150867
donor_split2_TNFA,1,explore_unreliable_model,-0.2673667324218736
donor_split2_TNFA,1,explore_unreliable_model,-0.36102407718632734
donor_split2_TNFA,2,explore_unreliable_model,-1.286674840141608
donor_split2_TNFA,2,explore_unreliable_model,-0.2065180854767057
donor_split2_TNFA,2,explore_unreliable_model,-0.44478153021451994
donor_split2_TNFA,2,explore_unreliable_model,-0.38711415689491946
donor_split2_TNFA,3,explore_unreliable_model,-0.9585896575699087
donor_split2_TNFA,3,explore_unreliable_model,-0.7786701918521137
donor_split2_TNFA,3,explore_unreliable_model,-0.6944951131673838
donor_split2_TNFA,3,explore_unreliable_model,-0.3813529130767592
donor_split2_TNFA,4,explore_unreliable_model,-0.06136782526791751
donor_split2_TNFA,4,explore_unreliable_model,-0.9025504470157191
donor_split2_TNFA,4,explore_unreliable_model,-0.540717199012055
donor_split2_TNFA,4,explore_unreliable_model,-0.4071112113188431
donor_split2_TNFA,5,explore_unreliable_model,-0.2153739351522186
donor_split2_TNFA,5,explore_unreliable_model,-0.2604795093540959
donor_split2_TNFA,5,explore_unreliable_model,-0.28211772708637106
donor_split2_TNFA,5,explore_unreliable_model,-0.40508751465385684
donor_split2_TNFA,6,explore_unreliable_model,-0.3291782508616714
donor_split2_TNFA,6,explore_unreliable_model,-0.6720388997586673
donor_split2_TNFA,6,explore_unreliable_model,-0.07094578508599092
donor_split2_TNFA,6,explore_unreliable_model,-0.241982873142079
donor_split2_TNFA,7,explore_unreliable_model,-0.2086354845256606
donor_split2_TNFA,7,exploit_with_exploration,0.09021426569903945
donor_split2_TNFA,7,explore_unreliable_model,-0.3980226960926867
donor_split2_TNFA,7,explore_unreliable_model,-0.4136431558901743
donor_split2_TNFA,8,explore_unreliable_model,-0.9576439930798282
donor_split2_TNFA,8,explore_unreliable_model,-0.8620469086652147
donor_split2_TNFA,8,explore_unreliable_model,-0.35273308848385043
donor_split2_TNFA,8,explore_unreliable_model,-0.30804740416894627
donor_split2_TNFA,9,explore_unreliable_model,-0.5603694245182951
donor_split2_TNFA,9,explore_unreliable_model,-1.2983763110366375
donor_split2_TNFA,9,explore_unreliable_model,-0.7796828698334135
donor_split2_TNFA,9,explore_unreliable_model,-0.5182104044156
donor_split2_TNFA,10,explore_unreliable_model,-0.5746392363426502
donor_split2_TNFA,10,explore_unreliable_model,-0.7963400966169878
donor_split2_TNFA,10,explore_unreliable_model,-0.5564688421218658
donor_split2_TNFA,10,explore_unreliable_model,-0.23430810970250615
donor_split2_TNFA,11,exploit_with_exploration,0.18075216834544927
donor_split2_TNFA,11,explore_unreliable_model,-0.25213646723476724
donor_split2_TNFA,11,explore_unreliable_model,-0.4886589705528346
donor_split2_TNFA,11,explore_unreliable_model,-0.32290151907611064
donor_split2_TNFA,12,explore_unreliable_model,-0.09663391693220125
donor_split2_TNFA,12,explore_unreliable_model,-1.0033056086070111
donor_split2_TNFA,12,explore_unreliable_model,-0.601684839140584
donor_split2_TNFA,12,explore_unreliable_model,-0.37659792572854145
donor_split2_TNFA,13,explore_unreliable_model,-0.4760039831776046
donor_split2_TNFA,13,explore_unreliable_model,-1.0935060660233673
donor_split2_TNFA,13,explore_unreliable_model,-0.49186877279079955
donor_split2_TNFA,13,explore_unreliable_model,-0.41991885644537685
donor_split2_TNFA,14,explore_unreliable_model,-0.2672337092109167
donor_split2_TNFA,14,explore_unreliable_model,-0.5301252504660452
donor_split2_TNFA,14,explore_unreliable_model,-0.4088857829625254
donor_split2_TNFA,14,explore_unreliable_model,-0.49859846246980055
donor_split2_TNFA,15,exploit_with_exploration,0.0005848224436464378
donor_split2_TNFA,15,explore_unreliable_model,-0.7443224249582336
donor_split2_TNFA,15,explore_unreliable_model,-0.40837502265085224
donor_split2_TNFA,15,explore_unreliable_model,-0.4564308078428063
donor_split2_TNFA,16,explore_unreliable_model,-0.2310080846943976
donor_split2_TNFA,16,exploit_with_exploration,0.0965278557137359
donor_split2_TNFA,16,explore_unreliable_model,-0.42576810138660215
donor_split2_TNFA,16,explore_unreliable_model,-0.3612937073663576
donor_split2_TNFA,17,explore_unreliable_model,-0.31226238526704075
donor_split2_TNFA,17,explore_unreliable_model,-0.6773902882709619
donor_split2_TNFA,17,explore_unreliable_model,-0.6026015429428604
donor_split2_TNFA,17,explore_unreliable_model,-0.4576081031395638
donor_split2_TNFA,18,explore_unreliable_model,-0.20896974551428604
donor_split2_TNFA,18,explore_unreliable_model,-0.5049424907697304
donor_split2_TNFA,18,explore_unreliable_model,-0.6295232511901929
donor_split2_TNFA,18,explore_unreliable_model,-0.6218206545456595
donor_split2_TNFA,19,explore_unreliable_model,-0.41124176108666655
donor_split2_TNFA,19,explore_unreliable_model,-0.22628226025164544
donor_split2_TNFA,19,explore_unreliable_model,-0.1146879744541951
donor_split2_TNFA,19,explore_unreliable_model,-0.1667073925098086
donor_split2_IL2STAT5,0,explore_unreliable_model,-0.8370554089091524
donor_split2_IL2STAT5,0,explore_unreliable_model,-1.0732626422676508
donor_split2_IL2STAT5,0,explore_unreliable_model,-0.49904053903575796
donor_split2_IL2STAT5,0,explore_unreliable_model,-0.22982915693993888
donor_split2_IL2STAT5,1,explore_unreliable_model,-0.007309248243313027
donor_split2_IL2STAT5,1,explore_unreliable_model,-0.22938281499608704
donor_split2_IL2STAT5,1,explore_unreliable_model,-0.3772362803179299
donor_split2_IL2STAT5,1,explore_unreliable_model,-0.3523416512183166
donor_split2_IL2STAT5,2,explore_unreliable_model,-0.7378255125486219
donor_split2_IL2STAT5,2,explore_unreliable_model,-0.839282484217984
donor_split2_IL2STAT5,2,explore_unreliable_model,-0.38778009301596605
donor_split2_IL2STAT5,2,explore_unreliable_model,-0.19774336839783757
donor_split2_IL2STAT5,3,explore_unreliable_model,-0.10395592828034661
donor_split2_IL2STAT5,3,explore_unreliable_model,-0.2433853786318203
donor_split2_IL2STAT5,3,explore_unreliable_model,-0.4157786899612983
donor_split2_IL2STAT5,3,explore_unreliable_model,-0.16728049908317377
donor_split2_IL2STAT5,4,exploit_with_exploration,0.3925505796685965
donor_split2_IL2STAT5,4,explore_unreliable_model,-0.4513539000595048
donor_split2_IL2STAT5,4,explore_unreliable_model,-0.4877293939026286
donor_split2_IL2STAT5,4,explore_unreliable_model,-0.3110183176153467
donor_split2_IL2STAT5,5,explore_unreliable_model,-0.13351523540627075
donor_split2_IL2STAT5,5,explore_unreliable_model,-0.44698631605371153
donor_split2_IL2STAT5,5,explore_unreliable_model,-0.30589527831375984
donor_split2_IL2STAT5,5,explore_unreliable_model,-0.3442743005176532
donor_split2_IL2STAT5,6,explore_unreliable_model,-0.4926214260026376
donor_split2_IL2STAT5,6,explore_unreliable_model,-0.9331503447392244
donor_split2_IL2STAT5,6,explore_unreliable_model,-0.6040151425599771
donor_split2_IL2STAT5,6,explore_unreliable_model,-0.4885455949924824
donor_split2_IL2STAT5,7,exploit_with_exploration,0.09891151765801065
donor_split2_IL2STAT5,7,explore_unreliable_model,-0.16489538864422193
donor_split2_IL2STAT5,7,exploit_with_exploration,0.09393332161727697
donor_split2_IL2STAT5,7,explore_unreliable_model,-0.35160660282794143
donor_split2_IL2STAT5,8,explore_unreliable_model,-0.5953285009945248
donor_split2_IL2STAT5,8,explore_unreliable_model,-0.3097088580050893
donor_split2_IL2STAT5,8,explore_unreliable_model,-0.6262965558817044
donor_split2_IL2STAT5,8,explore_unreliable_model,-0.6478951835867224
donor_split2_IL2STAT5,9,explore_unreliable_model,-0.6877158114908246
donor_split2_IL2STAT5,9,explore_unreliable_model,-1.1159789825827908
donor_split2_IL2STAT5,9,explore_unreliable_model,-0.7079015393198289
donor_split2_IL2STAT5,9,explore_unreliable_model,-0.47798318770277426
donor_split2_IL2STAT5,10,explore_unreliable_model,-1.1113503164087266
donor_split2_IL2STAT5,10,explore_unreliable_model,-0.35099187145768473
donor_split2_IL2STAT5,10,explore_unreliable_model,-0.07449672439499255
donor_split2_IL2STAT5,10,exploit_with_exploration,0.0158454574996435
donor_split2_IL2STAT5,11,exploit_with_exploration,0.033596260241332776
donor_split2_IL2STAT5,11,exploit_with_exploration,0.008372279226481982
donor_split2_IL2STAT5,11,explore_unreliable_model,-0.1802971333322092
donor_split2_IL2STAT5,11,explore_unreliable_model,-0.2672198701630688
donor_split2_IL2STAT5,12,explore_unreliable_model,-0.30641556614286936
donor_split2_IL2STAT5,12,explore_unreliable_model,-1.0428762346931637
donor_split2_IL2STAT5,12,explore_unreliable_model,-0.6865582828500576
donor_split2_IL2STAT5,12,explore_unreliable_model,-0.5031878292598921
donor_split2_IL2STAT5,13,explore_unreliable_model,-0.9069603187382169
donor_split2_IL2STAT5,13,explore_unreliable_model,-0.750144361980049
donor_split2_IL2STAT5,13,explore_unreliable_model,-0.5100008840596886
donor_split2_IL2STAT5,13,explore_unreliable_model,-0.16843915302524115
donor_split2_IL2STAT5,14,explore_unreliable_model,-0.6585903553952399
donor_split2_IL2STAT5,14,explore_unreliable_model,-0.18573279269962262
donor_split2_IL2STAT5,14,explore_unreliable_model,-0.2654380327497501
donor_split2_IL2STAT5,14,explore_unreliable_model,-0.2644482755468187
donor_split2_IL2STAT5,15,exploit_with_exploration,0.02141785836228638
donor_split2_IL2STAT5,15,explore_unreliable_model,-0.783563969298688
donor_split2_IL2STAT5,15,explore_unreliable_model,-0.6147463635518313
donor_split2_IL2STAT5,15,explore_unreliable_model,-0.27283780032459326
donor_split2_IL2STAT5,16,explore_unreliable_model,-0.22964074069627904
donor_split2_IL2STAT5,16,explore_unreliable_model,-0.03767381186388241
donor_split2_IL2STAT5,16,explore_unreliable_model,-0.908158211934502
donor_split2_IL2STAT5,16,explore_unreliable_model,-0.6326269702000622
donor_split2_IL2STAT5,17,explore_unreliable_model,-0.23495604256506453
donor_split2_IL2STAT5,17,explore_unreliable_model,-0.5036864368587002
donor_split2_IL2STAT5,17,explore_unreliable_model,-0.6967146200391423
donor_split2_IL2STAT5,17,explore_unreliable_model,-0.4226343155797849
donor_split2_IL2STAT5,18,exploit_with_exploration,0.26775602817127575
donor_split2_IL2STAT5,18,explore_unreliable_model,-0.7514641941886213
donor_split2_IL2STAT5,18,explore_unreliable_model,-0.7081786569282238
donor_split2_IL2STAT5,18,explore_unreliable_model,-0.5057271829181753
donor_split2_IL2STAT5,19,exploit_with_exploration,0.13231651382081266
donor_split2_IL2STAT5,19,exploit_with_exploration,0.04949038488230906
donor_split2_IL2STAT5,19,explore_unreliable_model,-0.70339435011828
donor_split2_IL2STAT5,19,explore_unreliable_model,-0.6070798681054714
donor_split3_IFNG,0,exploit_with_exploration,0.0447057515723992
donor_split3_IFNG,0,exploit_with_exploration,0.05892689766354009
donor_split3_IFNG,0,explore_unreliable_model,-0.05032135581599739
donor_split3_IFNG,0,explore_unreliable_model,-0.47144494501420553
donor_split3_IFNG,1,explore_unreliable_model,-0.3315650130258423
donor_split3_IFNG,1,explore_unreliable_model,-0.1880929805014504
donor_split3_IFNG,1,exploit_with_exploration,0.0038778729271622403
donor_split3_IFNG,1,explore_unreliable_model,-0.4686727554675809
donor_split3_IFNG,2,explore_unreliable_model,-0.22648480026710383
donor_split3_IFNG,2,explore_unreliable_model,-0.2732721495307533
donor_split3_IFNG,2,explore_unreliable_model,-0.23875216722742043
donor_split3_IFNG,2,explore_unreliable_model,-0.14067101692753514
donor_split3_IFNG,3,exploit_with_exploration,0.20228345557541427
donor_split3_IFNG,3,explore_unreliable_model,-0.9658213772267157
donor_split3_IFNG,3,explore_unreliable_model,-0.760179318569989
donor_split3_IFNG,3,explore_unreliable_model,-0.34643465776365256
donor_split3_IFNG,4,explore_unreliable_model,-0.36461430463337496
donor_split3_IFNG,4,explore_unreliable_model,-0.635986001874342
donor_split3_IFNG,4,explore_unreliable_model,-0.47854239009491106
donor_split3_IFNG,4,explore_unreliable_model,-0.3302781688578853
donor_split3_IFNG,5,explore_unreliable_model,-0.07124614412689279
donor_split3_IFNG,5,exploit_with_exploration,0.0844625622429539
donor_split3_IFNG,5,explore_unreliable_model,-0.12739924622021292
donor_split3_IFNG,5,explore_unreliable_model,-0.09511823103863182
donor_split3_IFNG,6,explore_unreliable_model,-0.8501332425808328
donor_split3_IFNG,6,explore_unreliable_model,-0.13878604492549607
donor_split3_IFNG,6,explore_unreliable_model,-0.5542265313794923
donor_split3_IFNG,6,explore_unreliable_model,-0.27998396740242804
donor_split3_IFNG,7,explore_unreliable_model,-0.8845706275522465
donor_split3_IFNG,7,explore_unreliable_model,-0.336178946769387
donor_split3_IFNG,7,exploit_with_exploration,0.10560140677985674
donor_split3_IFNG,7,explore_unreliable_model,-0.3590454900005975
donor_split3_IFNG,8,explore_unreliable_model,-0.09634287201939662
donor_split3_IFNG,8,explore_unreliable_model,-0.7049281155356595
donor_split3_IFNG,8,explore_unreliable_model,-0.45089439686142474
donor_split3_IFNG,8,explore_unreliable_model,-0.3034420844001693
donor_split3_IFNG,9,explore_unreliable_model,-0.45893015036658724
donor_split3_IFNG,9,explore_unreliable_model,-0.7089096930797296
donor_split3_IFNG,9,explore_unreliable_model,-0.3637804180181763
donor_split3_IFNG,9,explore_unreliable_model,-0.24083094482913214
donor_split3_IFNG,10,explore_unreliable_model,-0.15505346878675108
donor_split3_IFNG,10,explore_unreliable_model,-0.46816478782918414
donor_split3_IFNG,10,explore_unreliable_model,-0.25793951580101293
donor_split3_IFNG,10,explore_unreliable_model,-0.16127256330613893
donor_split3_IFNG,11,explore_unreliable_model,-0.8455567200812226
donor_split3_IFNG,11,explore_unreliable_model,-0.7405030757919355
donor_split3_IFNG,11,explore_unreliable_model,-0.4851655909164678
donor_split3_IFNG,11,explore_unreliable_model,-0.19800115263876772
donor_split3_IFNG,12,explore_unreliable_model,-0.9088694401058939
donor_split3_IFNG,12,explore_unreliable_model,-0.31889593017143514
donor_split3_IFNG,12,explore_unreliable_model,-0.5655503405181979
donor_split3_IFNG,12,explore_unreliable_model,-0.11463914972079658
donor_split3_IFNG,13,explore_unreliable_model,-0.5237771280065087
donor_split3_IFNG,13,explore_unreliable_model,-0.6986147862915237
donor_split3_IFNG,13,explore_unreliable_model,-0.6481001512408284
donor_split3_IFNG,13,explore_unreliable_model,-0.285213222831304
donor_split3_IFNG,14,explore_unreliable_model,-0.5579165083890811
donor_split3_IFNG,14,explore_unreliable_model,-1.0174542678549923
donor_split3_IFNG,14,explore_unreliable_model,-0.34520285262042494
donor_split3_IFNG,14,explore_unreliable_model,-0.31175417678257533
donor_split3_IFNG,15,exploit_with_exploration,0.020913783209119075
donor_split3_IFNG,15,explore_unreliable_model,-0.46119037821657405
donor_split3_IFNG,15,explore_unreliable_model,-0.685264448146867
donor_split3_IFNG,15,explore_unreliable_model,-0.26114820874279765
donor_split3_IFNG,16,explore_unreliable_model,-0.3074238781987739
donor_split3_IFNG,16,explore_unreliable_model,-0.5204072823376857
donor_split3_IFNG,16,explore_unreliable_model,-0.06838137467958183
donor_split3_IFNG,16,explore_unreliable_model,-0.2165482837201167
donor_split3_IFNG,17,exploit_with_exploration,0.19954382844423224
donor_split3_IFNG,17,explore_unreliable_model,-0.0718699582342941
donor_split3_IFNG,17,explore_unreliable_model,-0.4882785574275206
donor_split3_IFNG,17,explore_unreliable_model,-0.4293066023743439
donor_split3_IFNG,18,exploit_with_exploration,0.41624954952744986
donor_split3_IFNG,18,explore_unreliable_model,-0.6789844931508444
donor_split3_IFNG,18,explore_unreliable_model,-0.5666327141568881
donor_split3_IFNG,18,exploit_with_exploration,0.06147321684332885
donor_split3_IFNG,19,explore_unreliable_model,-0.9837183118218242
donor_split3_IFNG,19,explore_unreliable_model,-0.673548681994196
donor_split3_IFNG,19,explore_unreliable_model,-0.4628496183504922
donor_split3_IFNG,19,explore_unreliable_model,-0.27423111446202664
donor_split3_TNFA,0,explore_unreliable_model,-0.24717433158590163
donor_split3_TNFA,0,explore_unreliable_model,-0.734122648933242
donor_split3_TNFA,0,explore_unreliable_model,-0.8077727588987955
donor_split3_TNFA,0,explore_unreliable_model,-0.34445156758180584
donor_split3_TNFA,1,explore_unreliable_model,-1.179719007083707
donor_split3_TNFA,1,explore_unreliable_model,-1.0821452469997164
donor_split3_TNFA,1,explore_unreliable_model,-0.8562230741301642
donor_split3_TNFA,1,explore_unreliable_model,-0.49480378775619815
donor_split3_TNFA,2,explore_unreliable_model,-0.7550541601353076
donor_split3_TNFA,2,explore_unreliable_model,-0.10465639920759728
donor_split3_TNFA,2,explore_unreliable_model,-0.3578177777159026
donor_split3_TNFA,2,explore_unreliable_model,-0.19129160290058578
donor_split3_TNFA,3,explore_unreliable_model,-0.7907538422374836
donor_split3_TNFA,3,explore_unreliable_model,-0.5313988481858862
donor_split3_TNFA,3,explore_unreliable_model,-0.5380546811740778
donor_split3_TNFA,3,explore_unreliable_model,-0.47726422937796653
donor_split3_TNFA,4,explore_unreliable_model,-0.14347844307424662
donor_split3_TNFA,4,explore_unreliable_model,-0.7595388700240693
donor_split3_TNFA,4,explore_unreliable_model,-0.6903965856421961
donor_split3_TNFA,4,explore_unreliable_model,-0.3399018683928159
donor_split3_TNFA,5,exploit_with_exploration,0.20350503824398247
donor_split3_TNFA,5,explore_unreliable_model,-0.36249302430777286
donor_split3_TNFA,5,explore_unreliable_model,-0.21763005782610856
donor_split3_TNFA,5,explore_unreliable_model,-0.11913122643388241
donor_split3_TNFA,6,explore_unreliable_model,-0.3868025022394517
donor_split3_TNFA,6,explore_unreliable_model,-0.7644295594144619
donor_split3_TNFA,6,explore_unreliable_model,-0.15576287451361104
donor_split3_TNFA,6,explore_unreliable_model,-0.003965577720707936
donor_split3_TNFA,7,exploit_with_exploration,0.2478630363463843
donor_split3_TNFA,7,exploit_with_exploration,0.09497442711383586
donor_split3_TNFA,7,explore_unreliable_model,-0.18151603809186434
donor_split3_TNFA,7,explore_unreliable_model,-0.22481216779717372
donor_split3_TNFA,8,explore_unreliable_model,-0.1666887764396603
donor_split3_TNFA,8,explore_unreliable_model,-0.38810204584793984
donor_split3_TNFA,8,explore_unreliable_model,-0.39370816336354975
donor_split3_TNFA,8,explore_unreliable_model,-0.44182507810908733
donor_split3_TNFA,9,explore_unreliable_model,-0.8560520629021142
donor_split3_TNFA,9,explore_unreliable_model,-0.9232331809965941
donor_split3_TNFA,9,explore_unreliable_model,-0.7003539601498947
donor_split3_TNFA,9,explore_unreliable_model,-0.44325356137210004
donor_split3_TNFA,10,explore_unreliable_model,-0.7445275635279403
donor_split3_TNFA,10,explore_unreliable_model,-0.05924462073807524
donor_split3_TNFA,10,explore_unreliable_model,-0.06126755171693676
donor_split3_TNFA,10,exploit_with_exploration,0.05513833795893586
donor_split3_TNFA,11,explore_unreliable_model,-0.5544129079510016
donor_split3_TNFA,11,explore_unreliable_model,-0.2852558477063505
donor_split3_TNFA,11,explore_unreliable_model,-0.3051798309899929
donor_split3_TNFA,11,explore_unreliable_model,-0.40203508273123667
donor_split3_TNFA,12,explore_unreliable_model,-0.014408042000888521
donor_split3_TNFA,12,explore_unreliable_model,-1.0971608398510875
donor_split3_TNFA,12,explore_unreliable_model,-0.606178466520555
donor_split3_TNFA,12,explore_unreliable_model,-0.4400529904065231
donor_split3_TNFA,13,explore_unreliable_model,-0.9497353283256611
donor_split3_TNFA,13,explore_unreliable_model,-1.4894207989437396
donor_split3_TNFA,13,explore_unreliable_model,-0.6220728094381038
donor_split3_TNFA,13,explore_unreliable_model,-0.3485375455064248
donor_split3_TNFA,14,exploit_with_exploration,0.31707669299002494
donor_split3_TNFA,14,explore_unreliable_model,-0.21179038069391254
donor_split3_TNFA,14,explore_unreliable_model,-0.15995541379980804
donor_split3_TNFA,14,explore_unreliable_model,-0.150407172320296
donor_split3_TNFA,15,explore_unreliable_model,-0.2351402266901914
donor_split3_TNFA,15,explore_unreliable_model,-0.5115935093516155
donor_split3_TNFA,15,explore_unreliable_model,-0.4253749365613173
donor_split3_TNFA,15,explore_unreliable_model,-0.5345231936386996
donor_split3_TNFA,16,explore_unreliable_model,-0.18735253341396563
donor_split3_TNFA,16,explore_unreliable_model,-0.2157598281955717
donor_split3_TNFA,16,explore_unreliable_model,-0.45958103823664853
donor_split3_TNFA,16,explore_unreliable_model,-0.33990542797613266
donor_split3_TNFA,17,explore_unreliable_model,-0.2310982430789834
donor_split3_TNFA,17,explore_unreliable_model,-1.0562379799840955
donor_split3_TNFA,17,explore_unreliable_model,-0.47706624782802387
donor_split3_TNFA,17,explore_unreliable_model,-0.24290985062752668
donor_split3_TNFA,18,exploit_with_exploration,0.10806537577424258
donor_split3_TNFA,18,explore_unreliable_model,-0.5672836079163439
donor_split3_TNFA,18,explore_unreliable_model,-0.760271841942243
donor_split3_TNFA,18,explore_unreliable_model,-0.43880041250147306
donor_split3_TNFA,19,explore_unreliable_model,-0.2459796455212564
donor_split3_TNFA,19,exploit_with_exploration,0.1042344414458104
donor_split3_TNFA,19,explore_unreliable_model,-0.6560587648625078
donor_split3_TNFA,19,explore_unreliable_model,-0.21510185456026698
donor_split3_IL2STAT5,0,explore_unreliable_model,-0.6774842440248907
donor_split3_IL2STAT5,0,explore_unreliable_model,-1.1962716157511721
donor_split3_IL2STAT5,0,explore_unreliable_model,-0.6502066964996431
donor_split3_IL2STAT5,0,explore_unreliable_model,-0.14965356570071098
donor_split3_IL2STAT5,1,explore_unreliable_model,-0.18248877619770187
donor_split3_IL2STAT5,1,explore_unreliable_model,-0.5789965808272175
donor_split3_IL2STAT5,1,explore_unreliable_model,-0.29465239984839564
donor_split3_IL2STAT5,1,explore_unreliable_model,-0.4059783186443171
donor_split3_IL2STAT5,2,explore_unreliable_model,-0.4967749887548587
donor_split3_IL2STAT5,2,explore_unreliable_model,-0.5185543623685829
donor_split3_IL2STAT5,2,explore_unreliable_model,-0.6718268739063378
donor_split3_IL2STAT5,2,explore_unreliable_model,-0.4815535201441723
donor_split3_IL2STAT5,3,explore_unreliable_model,-0.5851315704427134
donor_split3_IL2STAT5,3,explore_unreliable_model,-0.2601285284466477
donor_split3_IL2STAT5,3,explore_unreliable_model,-0.42460833391368213
donor_split3_IL2STAT5,3,explore_unreliable_model,-0.21065808121973162
donor_split3_IL2STAT5,4,exploit_with_exploration,0.07140100302752606
donor_split3_IL2STAT5,4,explore_unreliable_model,-0.9382791245357482
donor_split3_IL2STAT5,4,explore_unreliable_model,-0.3667885173686145
donor_split3_IL2STAT5,4,explore_unreliable_model,-0.2393029586267994
donor_split3_IL2STAT5,5,explore_unreliable_model,-0.4541374932483466
donor_split3_IL2STAT5,5,explore_unreliable_model,-0.15844966245023584
donor_split3_IL2STAT5,5,explore_unreliable_model,-0.5252074101129025
donor_split3_IL2STAT5,5,explore_unreliable_model,-0.4561319383484703
donor_split3_IL2STAT5,6,explore_unreliable_model,-0.7215438865917474
donor_split3_IL2STAT5,6,explore_unreliable_model,-0.2262740681301043
donor_split3_IL2STAT5,6,exploit_with_exploration,0.004508732103083446
donor_split3_IL2STAT5,6,explore_unreliable_model,-0.45936724656710437
donor_split3_IL2STAT5,7,explore_unreliable_model,-0.1090683659829168
donor_split3_IL2STAT5,7,explore_unreliable_model,-0.0839301914981816
donor_split3_IL2STAT5,7,exploit_with_exploration,0.18770084080709293
donor_split3_IL2STAT5,7,explore_unreliable_model,-0.5755500496147556
donor_split3_IL2STAT5,8,explore_unreliable_model,-0.09753704807011032
donor_split3_IL2STAT5,8,explore_unreliable_model,-0.364107084456637
donor_split3_IL2STAT5,8,explore_unreliable_model,-0.45106274152231207
donor_split3_IL2STAT5,8,explore_unreliable_model,-0.3993104644285099
donor_split3_IL2STAT5,9,explore_unreliable_model,-0.9993543317277944
donor_split3_IL2STAT5,9,explore_unreliable_model,-0.3606734540176393
donor_split3_IL2STAT5,9,explore_unreliable_model,-0.5842879830764449
donor_split3_IL2STAT5,9,explore_unreliable_model,-0.4533783194780865
donor_split3_IL2STAT5,10,explore_unreliable_model,-0.4173517742067778
donor_split3_IL2STAT5,10,explore_unreliable_model,-0.07444264271824652
donor_split3_IL2STAT5,10,exploit_with_exploration,0.02818672249658538
donor_split3_IL2STAT5,10,explore_unreliable_model,-0.40035462767018637
donor_split3_IL2STAT5,11,explore_unreliable_model,-1.0444914273967578
donor_split3_IL2STAT5,11,explore_unreliable_model,-0.5725262783606448
donor_split3_IL2STAT5,11,explore_unreliable_model,-0.06222228165975441
donor_split3_IL2STAT5,11,explore_unreliable_model,-0.19449139227052137
donor_split3_IL2STAT5,12,explore_unreliable_model,-0.23121432469347258
donor_split3_IL2STAT5,12,explore_unreliable_model,-0.7185115131030746
donor_split3_IL2STAT5,12,explore_unreliable_model,-0.4926965136171877
donor_split3_IL2STAT5,12,explore_unreliable_model,-0.45423820863742415
donor_split3_IL2STAT5,13,explore_unreliable_model,-0.533966435364476
donor_split3_IL2STAT5,13,explore_unreliable_model,-0.6085122039325785
donor_split3_IL2STAT5,13,explore_unreliable_model,-0.4935188166987079
donor_split3_IL2STAT5,13,explore_unreliable_model,-0.361060955103502
donor_split3_IL2STAT5,14,exploit_with_exploration,0.28087554223111744
donor_split3_IL2STAT5,14,explore_unreliable_model,-0.9624927069366953
donor_split3_IL2STAT5,14,explore_unreliable_model,-0.4865773746414912
donor_split3_IL2STAT5,14,explore_unreliable_model,-0.3725575262788199
donor_split3_IL2STAT5,15,exploit_with_exploration,0.17441534725858743
donor_split3_IL2STAT5,15,explore_unreliable_model,-0.35294638807139056
donor_split3_IL2STAT5,15,explore_unreliable_model,-0.26290348289785936
donor_split3_IL2STAT5,15,explore_unreliable_model,-0.40873590889520695
donor_split3_IL2STAT5,16,explore_unreliable_model,-0.20848779910504978
donor_split3_IL2STAT5,16,explore_unreliable_model,-0.2388669520584088
donor_split3_IL2STAT5,16,explore_unreliable_model,-0.8991891554829257
donor_split3_IL2STAT5,16,explore_unreliable_model,-0.754301219844911
donor_split3_IL2STAT5,17,exploit_with_exploration,0.26851456899748705
donor_split3_IL2STAT5,17,explore_unreliable_model,-0.46564420151885066
donor_split3_IL2STAT5,17,explore_unreliable_model,-0.286525497625598
donor_split3_IL2STAT5,17,explore_unreliable_model,-0.12278594512983787
donor_split3_IL2STAT5,18,explore_unreliable_model,-0.6944451381053047
donor_split3_IL2STAT5,18,explore_unreliable_model,-0.8743368840975876
donor_split3_IL2STAT5,18,explore_unreliable_model,-0.5594926141140881
donor_split3_IL2STAT5,18,explore_unreliable_model,-0.35596235203331994
donor_split3_IL2STAT5,19,explore_unreliable_model,-0.7586932953681131
donor_split3_IL2STAT5,19,explore_unreliable_model,-0.41026747909376904
donor_split3_IL2STAT5,19,explore_unreliable_model,-0.1589812700021067
donor_split3_IL2STAT5,19,explore_unreliable_model,-0.3304366367056739
