task,pair,norm_spearman_A,norm_spearman_B,norm_spearman_replica_disagreement,replica_spearman
guide_Rest_IFNG,guide_Rest,0.00045457254300876316,-0.003985310851082671,-0.010266169833591503,0.04129562071279289
guide_Rest_TNFA,guide_Rest,-0.007314758369569899,0.00021869161492119813,-0.009831042733542709,0.02135211901761236
guide_Rest_IL2STAT5,guide_Rest,0.002334962926539697,0.003796421689940037,-0.007963342132631732,0.027180626386070758
guide_Stim8hr_IFNG,guide_Stim8hr,0.013415828995262192,0.008720444729300171,-0.0035753605879645287,0.021511682865476108
guide_Stim8hr_TNFA,guide_Stim8hr,-0.001584927724751826,0.0038545112786875337,0.008227782371783286,0.06479908288669617
guide_Stim8hr_IL2STAT5,guide_Stim8hr,0.009992052777264079,-0.014027165374494102,-0.014768774431287943,0.02981164882484655
guide_Stim48hr_IFNG,guide_Stim48hr,0.0002524076673638307,-0.028306637854984686,0.00491597934658143,0.03465245071968111
guide_Stim48hr_TNFA,guide_Stim48hr,-0.018517341044146138,-0.0435061366151318,-0.014322002338906908,0.05745528074040666
guide_Stim48hr_IL2STAT5,guide_Stim48hr,-0.009769377628963015,-0.02369693138536645,0.0016836175816914388,0.04154472115883152
donor_split1_IFNG,donor_split1,-0.006896545915524696,0.031564110868738615,-0.032897645988870135,0.3094159121660474
donor_split1_TNFA,donor_split1,0.05316620259152292,0.05780696525898878,-0.052522353827760236,0.35584205869122554
donor_split1_IL2STAT5,donor_split1,0.004246676804616371,0.023679751356568222,-0.008048535484344026,0.2879661568020588
donor_split2_IFNG,donor_split2,0.006897970519410817,-0.0023047299423894522,-0.0415822478569638,0.33973956363949814
donor_split2_TNFA,donor_split2,0.03196845772984895,0.06067360517743406,0.013726568604988651,0.3515175773378827
donor_split2_IL2STAT5,donor_split2,-0.007047183337929205,0.026997875198491,-0.043708108193178496,0.3286138260069188
donor_split3_IFNG,donor_split3,0.010743948603949557,0.017537740151336727,0.014840223815858781,0.3339640943510341
donor_split3_TNFA,donor_split3,0.03699936453522262,0.06207766781563056,0.025070516087543928,0.3383585738088356
donor_split3_IL2STAT5,donor_split3,0.01059115021146103,0.013715994771414965,-0.01926300283734409,0.3216427627198778
