task,study,seed,selected_policy,apparent_gain,replicated_gain,inflation
Frangieh_Coculture_IFNG,Frangieh,0,fixed_ridge,0.12195121951219512,0.04878048780487809,0.07317073170731703
Frangieh_Coculture_IFNG,Frangieh,1,fixed_ridge,0.04878048780487798,-0.07317073170731703,0.12195121951219501
Frangieh_Coculture_IFNG,Frangieh,2,gated_random,0.0,0.0,0.0
Frangieh_Coculture_IFNG,Frangieh,3,greedy_ridge,0.17073170731707316,0.0975609756097561,0.07317073170731705
Frangieh_Coculture_IFNG,Frangieh,4,greedy_ridge,0.09756097560975602,0.0975609756097561,-8.326672684688674e-17
Frangieh_Coculture_IFNG,Frangieh,5,extra_trees,-0.02439024390243899,-0.02439024390243899,0.0
Frangieh_Coculture_IFNG,Frangieh,6,greedy_ridge,0.04878048780487804,0.12195121951219517,-0.07317073170731714
Frangieh_Coculture_IFNG,Frangieh,7,fixed_ridge,0.02439024390243899,-0.048780487804878064,0.07317073170731705
Frangieh_Coculture_IFNG,Frangieh,8,gated_random,0.12195121951219517,0.07317073170731708,0.04878048780487809
Frangieh_Coculture_IFNG,Frangieh,9,greedy_ridge,0.04878048780487809,-0.04878048780487798,0.09756097560975607
Frangieh_Coculture_IFNG,Frangieh,10,gated_random,0.09756097560975607,0.0,0.09756097560975607
Frangieh_Coculture_IFNG,Frangieh,11,gated_random,0.0,0.0,0.0
Frangieh_Coculture_IFNG,Frangieh,12,gated_random,0.0,0.0,0.0
Frangieh_Coculture_IFNG,Frangieh,13,extra_trees,0.02439024390243899,0.0,0.02439024390243899
Frangieh_Coculture_IFNG,Frangieh,14,greedy_ridge,0.07317073170731708,-0.02439024390243899,0.09756097560975607
Frangieh_Coculture_IFNG,Frangieh,15,gated_random,0.12195121951219517,-0.04878048780487809,0.17073170731707327
Frangieh_Coculture_IFNG,Frangieh,16,linear_ucb,0.07317073170731703,-0.12195121951219509,0.19512195121951212
Frangieh_Coculture_IFNG,Frangieh,17,gated_random,0.0,0.0,0.0
Frangieh_Coculture_IFNG,Frangieh,18,fixed_ridge,0.0243902439024391,0.0,0.0243902439024391
Frangieh_Coculture_IFNG,Frangieh,19,gated_random,0.0,0.0,0.0
Frangieh_Coculture_IFNG,Frangieh,20,extra_trees,0.0243902439024391,0.0975609756097561,-0.073170731707317
Frangieh_Coculture_IFNG,Frangieh,21,fixed_ridge,0.12195121951219506,-0.024390243902439046,0.1463414634146341
Frangieh_Coculture_IFNG,Frangieh,22,greedy_ridge,0.1463414634146341,0.0,0.1463414634146341
Frangieh_Coculture_IFNG,Frangieh,23,gated_random,0.0,0.0,0.0
Frangieh_Coculture_IFNG,Frangieh,24,gated_random,0.0,0.0,0.0
Frangieh_Coculture_IFNG,Frangieh,25,diversity,0.07317073170731708,-0.09756097560975602,0.1707317073170731
Frangieh_Coculture_IFNG,Frangieh,26,gated_random,0.0,0.0,0.0
Frangieh_Coculture_IFNG,Frangieh,27,fixed_ridge,0.09756097560975607,0.07317073170731708,0.02439024390243899
Frangieh_Coculture_IFNG,Frangieh,28,fixed_ridge,0.07317073170731703,-0.04878048780487809,0.12195121951219512
Frangieh_Coculture_IFNG,Frangieh,29,diversity,0.04878048780487804,-0.07317073170731711,0.12195121951219515
Frangieh_Coculture_IL2STAT5,Frangieh,0,diversity,0.07317073170731703,0.0,0.07317073170731703
Frangieh_Coculture_IL2STAT5,Frangieh,1,diversity,0.21951219512195128,-0.04878048780487809,0.2682926829268294
Frangieh_Coculture_IL2STAT5,Frangieh,2,extra_trees,0.02439024390243899,0.04878048780487809,-0.0243902439024391
Frangieh_Coculture_IL2STAT5,Frangieh,3,gated_random,0.0,0.0,0.0
Frangieh_Coculture_IL2STAT5,Frangieh,4,fixed_ridge,0.0243902439024391,0.024390243902439074,2.7755575615628914e-17
Frangieh_Coculture_IL2STAT5,Frangieh,5,linear_ucb,0.1707317073170731,0.02439024390243899,0.1463414634146341
Frangieh_Coculture_IL2STAT5,Frangieh,6,fixed_ridge,0.04878048780487798,0.1951219512195122,-0.14634146341463422
Frangieh_Coculture_IL2STAT5,Frangieh,7,diversity,0.0975609756097561,-0.0243902439024391,0.1219512195121952
Frangieh_Coculture_IL2STAT5,Frangieh,8,diversity,0.04878048780487804,-0.12195121951219512,0.17073170731707316
Frangieh_Coculture_IL2STAT5,Frangieh,9,diversity,0.048780487804878064,-0.12195121951219517,0.17073170731707324
Frangieh_Coculture_IL2STAT5,Frangieh,10,extra_trees,0.04878048780487804,0.0,0.04878048780487804
Frangieh_Coculture_IL2STAT5,Frangieh,11,greedy_ridge,0.07317073170731708,-0.048780487804877995,0.12195121951219508
Frangieh_Coculture_IL2STAT5,Frangieh,12,diversity,0.07317073170731703,0.0243902439024391,0.048780487804877926
Frangieh_Coculture_IL2STAT5,Frangieh,13,diversity,0.07317073170731703,0.0,0.07317073170731703
Frangieh_Coculture_IL2STAT5,Frangieh,14,fixed_ridge,0.02439024390243899,-0.12195121951219509,0.14634146341463408
Frangieh_Coculture_IL2STAT5,Frangieh,15,diversity,0.09756097560975607,-0.024390243902439004,0.12195121951219508
Frangieh_Coculture_IL2STAT5,Frangieh,16,diversity,0.12195121951219512,0.0243902439024391,0.09756097560975602
Frangieh_Coculture_IL2STAT5,Frangieh,17,diversity,0.04878048780487809,0.04878048780487809,0.0
Frangieh_Coculture_IL2STAT5,Frangieh,18,diversity,0.04878048780487804,-0.07317073170731708,0.12195121951219512
Frangieh_Coculture_IL2STAT5,Frangieh,19,diversity,0.1707317073170731,-0.02439024390243899,0.1951219512195121
Frangieh_Coculture_IL2STAT5,Frangieh,20,linear_ucb,0.04878048780487804,-0.02439024390243902,0.07317073170731705
Frangieh_Coculture_IL2STAT5,Frangieh,21,fixed_ridge,0.04878048780487804,-0.09756097560975609,0.1463414634146341
Frangieh_Coculture_IL2STAT5,Frangieh,22,diversity,0.14634146341463417,-0.048780487804878064,0.19512195121951223
Frangieh_Coculture_IL2STAT5,Frangieh,23,diversity,0.0,-0.14634146341463417,0.14634146341463417
Frangieh_Coculture_IL2STAT5,Frangieh,24,gated_random,0.0975609756097561,0.0731707317073171,0.024390243902439004
Frangieh_Coculture_IL2STAT5,Frangieh,25,old_controller,0.07317073170731708,-0.09756097560975618,0.17073170731707327
Frangieh_Coculture_IL2STAT5,Frangieh,26,extra_trees,0.04878048780487798,0.14634146341463417,-0.09756097560975618
Frangieh_Coculture_IL2STAT5,Frangieh,27,extra_trees,0.04878048780487809,-0.0243902439024391,0.0731707317073172
Frangieh_Coculture_IL2STAT5,Frangieh,28,diversity,0.12195121951219512,0.02439024390243899,0.09756097560975613
Frangieh_Coculture_IL2STAT5,Frangieh,29,diversity,0.1463414634146341,-0.024390243902439004,0.1707317073170731
Frangieh_Coculture_TNFA,Frangieh,0,fixed_ridge,0.1707317073170732,0.07317073170731708,0.09756097560975613
Frangieh_Coculture_TNFA,Frangieh,1,diversity,0.073170731707317,-0.14634146341463422,0.21951219512195122
Frangieh_Coculture_TNFA,Frangieh,2,gated_random,0.0,0.0,0.0
Frangieh_Coculture_TNFA,Frangieh,3,gated_random,0.0,0.0,0.0
Frangieh_Coculture_TNFA,Frangieh,4,extra_trees,0.0,-0.07317073170731711,0.07317073170731711
Frangieh_Coculture_TNFA,Frangieh,5,extra_trees,0.04878048780487809,0.0,0.04878048780487809
Frangieh_Coculture_TNFA,Frangieh,6,fixed_ridge,0.048780487804877995,0.12195121951219517,-0.07317073170731718
Frangieh_Coculture_TNFA,Frangieh,7,linear_ucb,0.073170731707317,0.0,0.073170731707317
Frangieh_Coculture_TNFA,Frangieh,8,extra_trees,0.0,-0.02439024390243899,0.02439024390243899
Frangieh_Coculture_TNFA,Frangieh,9,extra_trees,0.0,0.0,0.0
Frangieh_Coculture_TNFA,Frangieh,10,fixed_ridge,0.09756097560975609,-0.02439024390243899,0.12195121951219508
Frangieh_Coculture_TNFA,Frangieh,11,gated_random,0.0,0.0,0.0
Frangieh_Coculture_TNFA,Frangieh,12,greedy_ridge,0.04878048780487809,0.12195121951219512,-0.07317073170731703
Frangieh_Coculture_TNFA,Frangieh,13,fixed_ridge,0.0975609756097561,0.0731707317073171,0.024390243902439004
Frangieh_Coculture_TNFA,Frangieh,14,extra_trees,0.0,-0.024390243902439074,0.024390243902439074
Frangieh_Coculture_TNFA,Frangieh,15,greedy_ridge,0.04878048780487809,0.02439024390243899,0.0243902439024391
Frangieh_Coculture_TNFA,Frangieh,16,extra_trees,0.073170731707317,-0.024390243902439004,0.097560975609756
Frangieh_Coculture_TNFA,Frangieh,17,fixed_ridge,0.0,0.02439024390243899,-0.02439024390243899
Frangieh_Coculture_TNFA,Frangieh,18,gated_random,0.0,0.0,0.0
Frangieh_Coculture_TNFA,Frangieh,19,gated_random,0.0,0.0,0.0
Frangieh_Coculture_TNFA,Frangieh,20,gated_random,0.0,0.0,0.0
Frangieh_Coculture_TNFA,Frangieh,21,extra_trees,0.02439024390243899,0.0,0.02439024390243899
Frangieh_Coculture_TNFA,Frangieh,22,greedy_ridge,0.04878048780487801,-0.04878048780487801,0.09756097560975602
Frangieh_Coculture_TNFA,Frangieh,23,gated_random,0.0,0.0,0.0
Frangieh_Coculture_TNFA,Frangieh,24,greedy_ridge,0.02439024390243899,-0.024390243902439004,0.048780487804877995
Frangieh_Coculture_TNFA,Frangieh,25,linear_ucb,0.1219512195121952,0.02439024390243902,0.09756097560975618
Frangieh_Coculture_TNFA,Frangieh,26,fixed_ridge,0.0731707317073171,0.0,0.0731707317073171
Frangieh_Coculture_TNFA,Frangieh,27,gated_random,0.0,0.0,0.0
Frangieh_Coculture_TNFA,Frangieh,28,fixed_ridge,0.1463414634146342,0.1707317073170732,-0.02439024390243902
Frangieh_Coculture_TNFA,Frangieh,29,greedy_ridge,0.04878048780487809,0.02439024390243899,0.0243902439024391
Frangieh_Control_IFNG,Frangieh,0,greedy_ridge,0.025641025641025605,0.025641025641025605,0.0
Frangieh_Control_IFNG,Frangieh,1,gated_random,0.1282051282051282,-0.1025641025641025,0.2307692307692307
Frangieh_Control_IFNG,Frangieh,2,gated_random,0.0,0.0,0.0
Frangieh_Control_IFNG,Frangieh,3,extra_trees,0.10256410256410253,-0.025641025641025605,0.12820512820512814
Frangieh_Control_IFNG,Frangieh,4,extra_trees,0.20512820512820512,-0.07692307692307701,0.28205128205128216
Frangieh_Control_IFNG,Frangieh,5,gated_random,0.0,0.0,0.0
Frangieh_Control_IFNG,Frangieh,6,fixed_ridge,0.025641025641025716,-0.051282051282051294,0.07692307692307701
Frangieh_Control_IFNG,Frangieh,7,extra_trees,0.0,-0.15384615384615388,0.15384615384615388
Frangieh_Control_IFNG,Frangieh,8,extra_trees,-0.025641025641025716,-0.1538461538461538,0.12820512820512808
Frangieh_Control_IFNG,Frangieh,9,greedy_ridge,0.07692307692307693,0.0,0.07692307692307693
Frangieh_Control_IFNG,Frangieh,10,extra_trees,0.025641025641025605,0.10256410256410259,-0.07692307692307698
Frangieh_Control_IFNG,Frangieh,11,extra_trees,0.07692307692307693,-0.0769230769230769,0.15384615384615383
Frangieh_Control_IFNG,Frangieh,12,extra_trees,0.025641025641025605,0.0,0.025641025641025605
Frangieh_Control_IFNG,Frangieh,13,extra_trees,0.025641025641025605,-0.02564102564102566,0.051282051282051266
Frangieh_Control_IFNG,Frangieh,14,extra_trees,0.07692307692307693,0.025641025641025716,0.05128205128205121
Frangieh_Control_IFNG,Frangieh,15,extra_trees,0.0,0.0,0.0
Frangieh_Control_IFNG,Frangieh,16,fixed_ridge,0.07692307692307687,0.12820512820512822,-0.05128205128205135
Frangieh_Control_IFNG,Frangieh,17,fixed_ridge,0.23076923076923078,-0.05128205128205132,0.2820512820512821
Frangieh_Control_IFNG,Frangieh,18,diversity,0.025641025641025605,-0.051282051282051294,0.0769230769230769
Frangieh_Control_IFNG,Frangieh,19,extra_trees,0.025641025641025605,0.02564102564102569,-8.326672684688674e-17
Frangieh_Control_IFNG,Frangieh,20,diversity,0.0,-0.1538461538461538,0.1538461538461538
Frangieh_Control_IFNG,Frangieh,21,diversity,0.0,-0.0769230769230769,0.0769230769230769
Frangieh_Control_IFNG,Frangieh,22,extra_trees,0.1538461538461538,0.051282051282051266,0.10256410256410253
Frangieh_Control_IFNG,Frangieh,23,diversity,0.025641025641025716,-0.2564102564102565,0.2820512820512822
Frangieh_Control_IFNG,Frangieh,24,diversity,0.0,-0.025641025641025716,0.025641025641025716
Frangieh_Control_IFNG,Frangieh,25,extra_trees,0.17948717948717946,0.0,0.17948717948717946
Frangieh_Control_IFNG,Frangieh,26,gated_random,0.0,0.0,0.0
Frangieh_Control_IFNG,Frangieh,27,diversity,0.025641025641025716,-0.1282051282051282,0.1538461538461539
Frangieh_Control_IFNG,Frangieh,28,diversity,0.05128205128205132,-0.05128205128205132,0.10256410256410264
Frangieh_Control_IFNG,Frangieh,29,diversity,-0.025641025641025605,-0.025641025641025605,0.0
Frangieh_Control_IL2STAT5,Frangieh,0,fixed_ridge,0.0769230769230769,-0.10256410256410262,0.17948717948717952
Frangieh_Control_IL2STAT5,Frangieh,1,diversity,0.025641025641025605,-0.07692307692307693,0.10256410256410253
Frangieh_Control_IL2STAT5,Frangieh,2,gated_random,0.0,0.0,0.0
Frangieh_Control_IL2STAT5,Frangieh,3,extra_trees,0.051282051282051294,-0.025641025641025605,0.0769230769230769
Frangieh_Control_IL2STAT5,Frangieh,4,extra_trees,0.1282051282051282,0.17948717948717952,-0.05128205128205132
Frangieh_Control_IL2STAT5,Frangieh,5,extra_trees,0.025641025641025716,0.0,0.025641025641025716
Frangieh_Control_IL2STAT5,Frangieh,6,extra_trees,0.025641025641025605,0.025641025641025605,0.0
Frangieh_Control_IL2STAT5,Frangieh,7,gated_random,0.0,0.0,0.0
Frangieh_Control_IL2STAT5,Frangieh,8,gated_random,0.0,0.0,0.0
Frangieh_Control_IL2STAT5,Frangieh,9,extra_trees,0.025641025641025605,0.025641025641025605,0.0
Frangieh_Control_IL2STAT5,Frangieh,10,fixed_ridge,0.05128205128205132,0.1794871794871795,-0.12820512820512817
Frangieh_Control_IL2STAT5,Frangieh,11,linear_ucb,0.051282051282051294,-0.051282051282051294,0.10256410256410259
Frangieh_Control_IL2STAT5,Frangieh,12,fixed_ridge,0.025641025641025605,-0.025641025641025605,0.05128205128205121
Frangieh_Control_IL2STAT5,Frangieh,13,gated_random,0.0,0.0,0.0
Frangieh_Control_IL2STAT5,Frangieh,14,gated_random,0.0,0.0,0.0
Frangieh_Control_IL2STAT5,Frangieh,15,extra_trees,0.0,0.10256410256410262,-0.10256410256410262
Frangieh_Control_IL2STAT5,Frangieh,16,gated_random,0.0,0.0,0.0
Frangieh_Control_IL2STAT5,Frangieh,17,gated_random,0.07692307692307693,0.025641025641025605,0.05128205128205132
Frangieh_Control_IL2STAT5,Frangieh,18,extra_trees,0.051282051282051294,-0.051282051282051294,0.10256410256410259
Frangieh_Control_IL2STAT5,Frangieh,19,gated_random,0.0,0.0,0.0
Frangieh_Control_IL2STAT5,Frangieh,20,gated_random,0.025641025641025605,-0.0769230769230769,0.1025641025641025
Frangieh_Control_IL2STAT5,Frangieh,21,fixed_ridge,0.07692307692307701,0.10256410256410248,-0.025641025641025467
Frangieh_Control_IL2STAT5,Frangieh,22,old_controller,0.07692307692307701,-0.12820512820512828,0.2051282051282053
Frangieh_Control_IL2STAT5,Frangieh,23,diversity,0.0,0.0,0.0
Frangieh_Control_IL2STAT5,Frangieh,24,diversity,0.05128205128205132,-0.10256410256410262,0.15384615384615394
Frangieh_Control_IL2STAT5,Frangieh,25,gated_random,0.02564102564102566,-0.10256410256410262,0.12820512820512828
Frangieh_Control_IL2STAT5,Frangieh,26,fixed_ridge,0.12820512820512822,-0.05128205128205132,0.17948717948717954
Frangieh_Control_IL2STAT5,Frangieh,27,gated_random,0.0,0.0,0.0
Frangieh_Control_IL2STAT5,Frangieh,28,diversity,0.051282051282051294,0.0,0.051282051282051294
Frangieh_Control_IL2STAT5,Frangieh,29,gated_random,0.0,0.0,0.0
Frangieh_Control_TNFA,Frangieh,0,gated_random,0.0,0.0,0.0
Frangieh_Control_TNFA,Frangieh,1,gated_random,0.0,0.0,0.0
Frangieh_Control_TNFA,Frangieh,2,gated_random,0.0,0.0,0.0
Frangieh_Control_TNFA,Frangieh,3,linear_ucb,0.10256410256410253,-0.02564102564102569,0.12820512820512822
Frangieh_Control_TNFA,Frangieh,4,extra_trees,0.025641025641025716,-0.025641025641025605,0.05128205128205132
Frangieh_Control_TNFA,Frangieh,5,gated_random,0.0,0.0,0.0
Frangieh_Control_TNFA,Frangieh,6,extra_trees,0.07692307692307693,0.0769230769230769,2.7755575615628914e-17
Frangieh_Control_TNFA,Frangieh,7,extra_trees,0.07692307692307693,-0.07692307692307701,0.15384615384615394
Frangieh_Control_TNFA,Frangieh,8,extra_trees,0.0,-0.025641025641025605,0.025641025641025605
Frangieh_Control_TNFA,Frangieh,9,linear_ucb,0.07692307692307687,0.02564102564102569,0.05128205128205118
Frangieh_Control_TNFA,Frangieh,10,extra_trees,0.0,0.07692307692307701,-0.07692307692307701
Frangieh_Control_TNFA,Frangieh,11,linear_ucb,0.07692307692307687,0.0,0.07692307692307687
Frangieh_Control_TNFA,Frangieh,12,greedy_ridge,0.025641025641025716,-0.051282051282051294,0.07692307692307701
Frangieh_Control_TNFA,Frangieh,13,gated_random,0.0,0.0,0.0
Frangieh_Control_TNFA,Frangieh,14,linear_ucb,0.05128205128205132,0.0,0.05128205128205132
Frangieh_Control_TNFA,Frangieh,15,extra_trees,0.10256410256410253,0.025641025641025605,0.07692307692307693
Frangieh_Control_TNFA,Frangieh,16,gated_random,0.0,0.0,0.0
Frangieh_Control_TNFA,Frangieh,17,extra_trees,-0.051282051282051266,0.0,-0.051282051282051266
Frangieh_Control_TNFA,Frangieh,18,gated_random,0.0,0.0,0.0
Frangieh_Control_TNFA,Frangieh,19,fixed_ridge,0.07692307692307693,-0.051282051282051294,0.12820512820512822
Frangieh_Control_TNFA,Frangieh,20,greedy_ridge,0.10256410256410253,-0.025641025641025605,0.12820512820512814
Frangieh_Control_TNFA,Frangieh,21,gated_random,0.0,0.0,0.0
Frangieh_Control_TNFA,Frangieh,22,gated_random,0.0,0.0,0.0
Frangieh_Control_TNFA,Frangieh,23,gated_random,0.07692307692307693,-0.051282051282051294,0.12820512820512822
Frangieh_Control_TNFA,Frangieh,24,gated_random,0.0,0.0,0.0
Frangieh_Control_TNFA,Frangieh,25,fixed_ridge,0.05128205128205121,-0.051282051282051294,0.1025641025641025
Frangieh_Control_TNFA,Frangieh,26,extra_trees,0.0,-0.051282051282051294,0.051282051282051294
Frangieh_Control_TNFA,Frangieh,27,gated_random,0.0,0.0,0.0
Frangieh_Control_TNFA,Frangieh,28,gated_random,0.0,0.0,0.0
Frangieh_Control_TNFA,Frangieh,29,linear_ucb,0.07692307692307693,0.05128205128205121,0.025641025641025716
Frangieh_IFNg_IFNG,Frangieh,0,gated_random,0.0,0.0,0.0
Frangieh_IFNg_IFNG,Frangieh,1,extra_trees,0.023255813953488302,0.0,0.023255813953488302
Frangieh_IFNg_IFNG,Frangieh,2,greedy_ridge,0.06976744186046518,-0.023255813953488413,0.0930232558139536
Frangieh_IFNg_IFNG,Frangieh,3,fixed_ridge,0.06976744186046513,-0.2093023255813954,0.2790697674418605
Frangieh_IFNg_IFNG,Frangieh,4,greedy_ridge,0.1162790697674419,0.1395348837209303,-0.023255813953488386
Frangieh_IFNg_IFNG,Frangieh,5,gated_random,0.0,0.0,0.0
Frangieh_IFNg_IFNG,Frangieh,6,gated_random,0.0,0.0,0.0
Frangieh_IFNg_IFNG,Frangieh,7,extra_trees,0.023255813953488358,0.0,0.023255813953488358
Frangieh_IFNg_IFNG,Frangieh,8,greedy_ridge,0.09302325581395349,0.0,0.09302325581395349
Frangieh_IFNg_IFNG,Frangieh,9,fixed_ridge,0.046511627906976716,0.0,0.046511627906976716
Frangieh_IFNg_IFNG,Frangieh,10,gated_random,0.06976744186046507,0.04651162790697677,0.023255813953488302
Frangieh_IFNg_IFNG,Frangieh,11,linear_ucb,0.20930232558139542,0.1395348837209303,0.06976744186046513
Frangieh_IFNg_IFNG,Frangieh,12,extra_trees,0.023255813953488302,-0.23255813953488372,0.255813953488372
Frangieh_IFNg_IFNG,Frangieh,13,greedy_ridge,0.09302325581395349,0.09302325581395351,-2.7755575615628914e-17
Frangieh_IFNg_IFNG,Frangieh,14,extra_trees,0.046511627906976716,-0.023255813953488358,0.06976744186046507
Frangieh_IFNg_IFNG,Frangieh,15,gated_random,0.0,0.0,0.0
Frangieh_IFNg_IFNG,Frangieh,16,gated_random,0.0,0.0,0.0
Frangieh_IFNg_IFNG,Frangieh,17,linear_ucb,0.06976744186046507,-0.023255813953488413,0.09302325581395349
Frangieh_IFNg_IFNG,Frangieh,18,extra_trees,0.11627906976744187,0.09302325581395351,0.023255813953488358
Frangieh_IFNg_IFNG,Frangieh,19,linear_ucb,0.1395348837209302,0.1395348837209302,0.0
Frangieh_IFNg_IFNG,Frangieh,20,extra_trees,0.06976744186046507,0.06976744186046518,-1.1102230246251565e-16
Frangieh_IFNg_IFNG,Frangieh,21,greedy_ridge,0.11627906976744179,0.04651162790697677,0.06976744186046502
Frangieh_IFNg_IFNG,Frangieh,22,gated_random,0.06976744186046513,-0.023255813953488413,0.09302325581395354
Frangieh_IFNg_IFNG,Frangieh,23,fixed_ridge,0.09302325581395349,0.04651162790697677,0.046511627906976716
Frangieh_IFNg_IFNG,Frangieh,24,gated_random,0.0,0.0,0.0
Frangieh_IFNg_IFNG,Frangieh,25,fixed_ridge,0.023255813953488413,-0.06976744186046507,0.09302325581395349
Frangieh_IFNg_IFNG,Frangieh,26,extra_trees,0.09302325581395349,0.046511627906976716,0.04651162790697677
Frangieh_IFNg_IFNG,Frangieh,27,gated_random,0.0,0.0,0.0
Frangieh_IFNg_IFNG,Frangieh,28,greedy_ridge,0.023255813953488413,-0.023255813953488413,0.04651162790697683
Frangieh_IFNg_IFNG,Frangieh,29,gated_random,0.0,0.0,0.0
Frangieh_IFNg_IL2STAT5,Frangieh,0,extra_trees,0.023255813953488413,-0.023255813953488386,0.0465116279069768
Frangieh_IFNg_IL2STAT5,Frangieh,1,extra_trees,0.06976744186046507,-0.1395348837209303,0.20930232558139536
Frangieh_IFNg_IL2STAT5,Frangieh,2,gated_random,0.023255813953488413,-0.11627906976744193,0.13953488372093034
Frangieh_IFNg_IL2STAT5,Frangieh,3,gated_random,-0.023255813953488358,0.0,-0.023255813953488358
Frangieh_IFNg_IL2STAT5,Frangieh,4,fixed_ridge,0.0,-0.023255813953488302,0.023255813953488302
Frangieh_IFNg_IL2STAT5,Frangieh,5,extra_trees,0.023255813953488302,-0.0465116279069768,0.0697674418604651
Frangieh_IFNg_IL2STAT5,Frangieh,6,greedy_ridge,0.06976744186046513,-0.023255813953488302,0.09302325581395343
Frangieh_IFNg_IL2STAT5,Frangieh,7,greedy_ridge,0.1395348837209302,-0.06976744186046513,0.20930232558139533
Frangieh_IFNg_IL2STAT5,Frangieh,8,extra_trees,0.04651162790697683,0.0,0.04651162790697683
Frangieh_IFNg_IL2STAT5,Frangieh,9,greedy_ridge,0.04651162790697666,0.023255813953488302,0.023255813953488358
Frangieh_IFNg_IL2STAT5,Frangieh,10,greedy_ridge,0.06976744186046518,0.0,0.06976744186046518
Frangieh_IFNg_IL2STAT5,Frangieh,11,extra_trees,0.0,0.0,0.0
Frangieh_IFNg_IL2STAT5,Frangieh,12,extra_trees,-0.046511627906976716,-0.1395348837209303,0.09302325581395357
Frangieh_IFNg_IL2STAT5,Frangieh,13,extra_trees,0.09302325581395349,0.0697674418604651,0.023255813953488386
Frangieh_IFNg_IL2STAT5,Frangieh,14,extra_trees,0.04651162790697666,-0.023255813953488386,0.06976744186046505
Frangieh_IFNg_IL2STAT5,Frangieh,15,extra_trees,0.2325581395348837,-0.1395348837209303,0.37209302325581395
Frangieh_IFNg_IL2STAT5,Frangieh,16,fixed_ridge,0.06976744186046513,-0.1162790697674419,0.18604651162790703
Frangieh_IFNg_IL2STAT5,Frangieh,17,fixed_ridge,0.04651162790697677,0.0,0.04651162790697677
Frangieh_IFNg_IL2STAT5,Frangieh,18,greedy_ridge,0.023255813953488302,0.11627906976744189,-0.09302325581395358
Frangieh_IFNg_IL2STAT5,Frangieh,19,extra_trees,0.1162790697674419,0.0,0.1162790697674419
Frangieh_IFNg_IL2STAT5,Frangieh,20,fixed_ridge,0.11627906976744196,0.023255813953488386,0.09302325581395357
Frangieh_IFNg_IL2STAT5,Frangieh,21,extra_trees,0.023255813953488413,-0.11627906976744182,0.13953488372093023
Frangieh_IFNg_IL2STAT5,Frangieh,22,fixed_ridge,0.09302325581395343,-0.0697674418604651,0.16279069767441853
Frangieh_IFNg_IL2STAT5,Frangieh,23,extra_trees,0.0,-0.09302325581395351,0.09302325581395351
Frangieh_IFNg_IL2STAT5,Frangieh,24,extra_trees,0.16279069767441862,-0.09302325581395351,0.2558139534883721
Frangieh_IFNg_IL2STAT5,Frangieh,25,extra_trees,0.0,0.06976744186046507,-0.06976744186046507
Frangieh_IFNg_IL2STAT5,Frangieh,26,diversity,0.0,0.023255813953488413,-0.023255813953488413
Frangieh_IFNg_IL2STAT5,Frangieh,27,gated_random,0.0,0.0,0.0
Frangieh_IFNg_IL2STAT5,Frangieh,28,gated_random,0.0,0.0,0.0
Frangieh_IFNg_IL2STAT5,Frangieh,29,fixed_ridge,0.06976744186046513,-0.023255813953488413,0.09302325581395354
Frangieh_IFNg_TNFA,Frangieh,0,diversity,0.09302325581395349,-0.023255813953488413,0.1162790697674419
Frangieh_IFNg_TNFA,Frangieh,1,diversity,0.16279069767441862,-0.09302325581395351,0.2558139534883721
Frangieh_IFNg_TNFA,Frangieh,2,diversity,0.1162790697674419,-0.023255813953488386,0.1395348837209303
Frangieh_IFNg_TNFA,Frangieh,3,gated_random,0.023255813953488413,-0.04651162790697677,0.06976744186046518
Frangieh_IFNg_TNFA,Frangieh,4,gated_random,0.11627906976744196,-0.023255813953488358,0.13953488372093031
Frangieh_IFNg_TNFA,Frangieh,5,fixed_ridge,0.11627906976744179,-0.023255813953488358,0.13953488372093015
Frangieh_IFNg_TNFA,Frangieh,6,diversity,0.09302325581395349,0.0697674418604651,0.023255813953488386
Frangieh_IFNg_TNFA,Frangieh,7,diversity,0.04651162790697677,-0.023255813953488302,0.06976744186046507
Frangieh_IFNg_TNFA,Frangieh,8,fixed_ridge,0.11627906976744184,0.023255813953488413,0.09302325581395343
Frangieh_IFNg_TNFA,Frangieh,9,diversity,0.09302325581395349,0.0,0.09302325581395349
Frangieh_IFNg_TNFA,Frangieh,10,diversity,0.06976744186046507,-0.06976744186046521,0.1395348837209303
Frangieh_IFNg_TNFA,Frangieh,11,diversity,0.16279069767441862,-0.046511627906976716,0.20930232558139533
Frangieh_IFNg_TNFA,Frangieh,12,diversity,0.06976744186046513,0.023255813953488386,0.046511627906976744
Frangieh_IFNg_TNFA,Frangieh,13,old_controller,0.13953488372093031,0.0465116279069768,0.09302325581395351
Frangieh_IFNg_TNFA,Frangieh,14,diversity,0.18604651162790703,-0.023255813953488413,0.20930232558139544
Frangieh_IFNg_TNFA,Frangieh,15,diversity,0.0,-0.023255813953488413,0.023255813953488413
Frangieh_IFNg_TNFA,Frangieh,16,diversity,0.1395348837209302,-0.11627906976744187,0.2558139534883721
Frangieh_IFNg_TNFA,Frangieh,17,diversity,0.16279069767441862,0.09302325581395351,0.0697674418604651
Frangieh_IFNg_TNFA,Frangieh,18,diversity,0.1162790697674419,0.0,0.1162790697674419
Frangieh_IFNg_TNFA,Frangieh,19,old_controller,0.06976744186046513,-0.023255813953488386,0.09302325581395351
Frangieh_IFNg_TNFA,Frangieh,20,fixed_ridge,0.20930232558139544,0.0930232558139535,0.11627906976744194
Frangieh_IFNg_TNFA,Frangieh,21,old_controller,0.06976744186046513,0.046511627906976716,0.023255813953488413
Frangieh_IFNg_TNFA,Frangieh,22,gated_random,0.023255813953488413,-0.0697674418604651,0.09302325581395351
Frangieh_IFNg_TNFA,Frangieh,23,extra_trees,0.11627906976744179,0.046511627906976716,0.06976744186046507
Frangieh_IFNg_TNFA,Frangieh,24,diversity,0.1395348837209302,-0.09302325581395349,0.2325581395348837
Frangieh_IFNg_TNFA,Frangieh,25,diversity,0.023255813953488302,0.023255813953488386,-8.326672684688674e-17
Frangieh_IFNg_TNFA,Frangieh,26,diversity,0.1162790697674419,-0.0465116279069768,0.1627906976744187
Frangieh_IFNg_TNFA,Frangieh,27,fixed_ridge,0.1162790697674419,-0.046511627906976716,0.16279069767441862
Frangieh_IFNg_TNFA,Frangieh,28,diversity,0.06976744186046507,-0.023255813953488413,0.09302325581395349
Frangieh_IFNg_TNFA,Frangieh,29,diversity,0.11627906976744179,0.023255813953488386,0.0930232558139534
Papalexi_IFNg_IFNG,Papalexi,0,fixed_ridge,0.16666666666666669,-0.16666666666666669,0.33333333333333337
Papalexi_IFNg_IFNG,Papalexi,1,fixed_ridge,0.16666666666666669,0.1666666666666667,-2.7755575615628914e-17
Papalexi_IFNg_IFNG,Papalexi,2,diversity,0.3333333333333333,0.0,0.3333333333333333
Papalexi_IFNg_IFNG,Papalexi,3,diversity,0.0,-0.1666666666666667,0.1666666666666667
Papalexi_IFNg_IFNG,Papalexi,4,diversity,0.0,0.0,0.0
Papalexi_IFNg_IFNG,Papalexi,5,fixed_ridge,0.33333333333333337,0.3333333333333333,5.551115123125783e-17
Papalexi_IFNg_IFNG,Papalexi,6,diversity,0.16666666666666669,0.16666666666666669,0.0
Papalexi_IFNg_IFNG,Papalexi,7,diversity,0.0,-0.3333333333333333,0.3333333333333333
Papalexi_IFNg_IFNG,Papalexi,8,diversity,0.1666666666666666,0.1666666666666666,0.0
Papalexi_IFNg_IFNG,Papalexi,9,diversity,0.3333333333333333,0.16666666666666669,0.16666666666666663
Papalexi_IFNg_IFNG,Papalexi,10,diversity,0.1666666666666667,0.1666666666666667,0.0
Papalexi_IFNg_IFNG,Papalexi,11,diversity,0.1666666666666667,0.1666666666666667,0.0
Papalexi_IFNg_IFNG,Papalexi,12,diversity,0.1666666666666667,0.1666666666666667,0.0
Papalexi_IFNg_IFNG,Papalexi,13,diversity,0.16666666666666669,0.16666666666666669,0.0
Papalexi_IFNg_IFNG,Papalexi,14,diversity,0.0,-0.1666666666666667,0.1666666666666667
Papalexi_IFNg_IFNG,Papalexi,15,diversity,0.33333333333333337,0.1666666666666667,0.16666666666666666
Papalexi_IFNg_IFNG,Papalexi,16,diversity,0.0,-0.16666666666666669,0.16666666666666669
Papalexi_IFNg_IFNG,Papalexi,17,fixed_ridge,0.0,0.0,0.0
Papalexi_IFNg_IFNG,Papalexi,18,diversity,0.0,0.1666666666666667,-0.1666666666666667
Papalexi_IFNg_IFNG,Papalexi,19,diversity,0.16666666666666663,0.16666666666666663,0.0
Papalexi_IFNg_IFNG,Papalexi,20,gated_random,0.0,0.0,0.0
Papalexi_IFNg_IFNG,Papalexi,21,diversity,0.33333333333333337,0.33333333333333337,0.0
Papalexi_IFNg_IFNG,Papalexi,22,diversity,0.0,-0.16666666666666669,0.16666666666666669
Papalexi_IFNg_IFNG,Papalexi,23,diversity,0.1666666666666667,0.1666666666666667,0.0
Papalexi_IFNg_IFNG,Papalexi,24,gated_random,0.0,0.0,0.0
Papalexi_IFNg_IFNG,Papalexi,25,diversity,0.33333333333333337,0.1666666666666667,0.16666666666666666
Papalexi_IFNg_IFNG,Papalexi,26,gated_random,0.0,0.0,0.0
Papalexi_IFNg_IFNG,Papalexi,27,fixed_ridge,0.1666666666666667,0.1666666666666667,0.0
Papalexi_IFNg_IFNG,Papalexi,28,fixed_ridge,0.33333333333333337,0.1666666666666667,0.16666666666666666
Papalexi_IFNg_IFNG,Papalexi,29,diversity,0.0,0.0,0.0
Papalexi_IFNg_IL2STAT5,Papalexi,0,fixed_ridge,0.16666666666666669,0.16666666666666669,0.0
Papalexi_IFNg_IL2STAT5,Papalexi,1,diversity,0.1666666666666667,0.1666666666666667,0.0
Papalexi_IFNg_IL2STAT5,Papalexi,2,diversity,0.1666666666666667,0.0,0.1666666666666667
Papalexi_IFNg_IL2STAT5,Papalexi,3,diversity,0.0,0.16666666666666669,-0.16666666666666669
Papalexi_IFNg_IL2STAT5,Papalexi,4,gated_random,0.0,0.0,0.0
Papalexi_IFNg_IL2STAT5,Papalexi,5,diversity,0.1666666666666667,0.1666666666666667,0.0
Papalexi_IFNg_IL2STAT5,Papalexi,6,diversity,0.1666666666666667,0.33333333333333337,-0.16666666666666666
Papalexi_IFNg_IL2STAT5,Papalexi,7,diversity,0.0,-0.1666666666666667,0.1666666666666667
Papalexi_IFNg_IL2STAT5,Papalexi,8,linear_ucb,0.3333333333333333,0.5,-0.16666666666666669
Papalexi_IFNg_IL2STAT5,Papalexi,9,diversity,0.0,0.0,0.0
Papalexi_IFNg_IL2STAT5,Papalexi,10,diversity,0.1666666666666667,0.16666666666666669,2.7755575615628914e-17
Papalexi_IFNg_IL2STAT5,Papalexi,11,diversity,0.16666666666666669,0.16666666666666663,5.551115123125783e-17
Papalexi_IFNg_IL2STAT5,Papalexi,12,diversity,0.1666666666666667,0.33333333333333337,-0.16666666666666666
Papalexi_IFNg_IL2STAT5,Papalexi,13,diversity,0.16666666666666669,0.16666666666666669,0.0
Papalexi_IFNg_IL2STAT5,Papalexi,14,diversity,0.0,-0.16666666666666663,0.16666666666666663
Papalexi_IFNg_IL2STAT5,Papalexi,15,diversity,0.1666666666666667,0.1666666666666666,1.1102230246251565e-16
Papalexi_IFNg_IL2STAT5,Papalexi,16,fixed_ridge,0.3333333333333333,0.33333333333333337,-5.551115123125783e-17
Papalexi_IFNg_IL2STAT5,Papalexi,17,gated_random,0.0,0.0,0.0
Papalexi_IFNg_IL2STAT5,Papalexi,18,extra_trees,0.16666666666666669,0.16666666666666669,0.0
Papalexi_IFNg_IL2STAT5,Papalexi,19,diversity,0.16666666666666669,0.3333333333333333,-0.16666666666666663
Papalexi_IFNg_IL2STAT5,Papalexi,20,extra_trees,0.1666666666666667,0.1666666666666667,0.0
Papalexi_IFNg_IL2STAT5,Papalexi,21,diversity,0.3333333333333333,0.5,-0.16666666666666669
Papalexi_IFNg_IL2STAT5,Papalexi,22,diversity,0.1666666666666667,0.16666666666666669,2.7755575615628914e-17
Papalexi_IFNg_IL2STAT5,Papalexi,23,fixed_ridge,0.1666666666666667,0.1666666666666667,0.0
Papalexi_IFNg_IL2STAT5,Papalexi,24,extra_trees,0.16666666666666669,0.16666666666666669,0.0
Papalexi_IFNg_IL2STAT5,Papalexi,25,diversity,0.5,0.5,0.0
Papalexi_IFNg_IL2STAT5,Papalexi,26,diversity,0.0,0.0,0.0
Papalexi_IFNg_IL2STAT5,Papalexi,27,fixed_ridge,0.33333333333333337,0.33333333333333337,0.0
Papalexi_IFNg_IL2STAT5,Papalexi,28,extra_trees,0.1666666666666667,0.0,0.1666666666666667
Papalexi_IFNg_IL2STAT5,Papalexi,29,gated_random,0.0,0.0,0.0
Papalexi_IFNg_TNFA,Papalexi,0,diversity,0.1666666666666667,0.0,0.1666666666666667
Papalexi_IFNg_TNFA,Papalexi,1,diversity,0.0,0.0,0.0
Papalexi_IFNg_TNFA,Papalexi,2,diversity,0.1666666666666666,0.0,0.1666666666666666
Papalexi_IFNg_TNFA,Papalexi,3,diversity,0.1666666666666667,0.1666666666666667,0.0
Papalexi_IFNg_TNFA,Papalexi,4,linear_ucb,0.1666666666666667,0.16666666666666669,2.7755575615628914e-17
Papalexi_IFNg_TNFA,Papalexi,5,fixed_ridge,0.1666666666666667,0.1666666666666667,0.0
Papalexi_IFNg_TNFA,Papalexi,6,diversity,0.1666666666666667,0.33333333333333337,-0.16666666666666666
Papalexi_IFNg_TNFA,Papalexi,7,fixed_ridge,0.1666666666666667,0.0,0.1666666666666667
Papalexi_IFNg_TNFA,Papalexi,8,diversity,0.1666666666666666,0.3333333333333333,-0.1666666666666667
Papalexi_IFNg_TNFA,Papalexi,9,diversity,0.1666666666666667,0.1666666666666667,0.0
Papalexi_IFNg_TNFA,Papalexi,10,diversity,0.1666666666666667,0.16666666666666669,2.7755575615628914e-17
Papalexi_IFNg_TNFA,Papalexi,11,diversity,0.1666666666666667,0.16666666666666669,2.7755575615628914e-17
Papalexi_IFNg_TNFA,Papalexi,12,diversity,0.1666666666666667,0.33333333333333337,-0.16666666666666666
Papalexi_IFNg_TNFA,Papalexi,13,diversity,0.1666666666666667,0.16666666666666669,2.7755575615628914e-17
Papalexi_IFNg_TNFA,Papalexi,14,diversity,0.0,-0.16666666666666669,0.16666666666666669
Papalexi_IFNg_TNFA,Papalexi,15,diversity,0.1666666666666666,0.1666666666666666,0.0
Papalexi_IFNg_TNFA,Papalexi,16,diversity,0.1666666666666667,0.1666666666666667,0.0
Papalexi_IFNg_TNFA,Papalexi,17,gated_random,0.0,0.0,0.0
Papalexi_IFNg_TNFA,Papalexi,18,diversity,0.0,0.16666666666666669,-0.16666666666666669
Papalexi_IFNg_TNFA,Papalexi,19,diversity,0.16666666666666669,0.3333333333333333,-0.16666666666666663
Papalexi_IFNg_TNFA,Papalexi,20,fixed_ridge,0.1666666666666667,0.1666666666666667,0.0
Papalexi_IFNg_TNFA,Papalexi,21,diversity,0.3333333333333333,0.5,-0.16666666666666669
Papalexi_IFNg_TNFA,Papalexi,22,diversity,0.1666666666666667,0.16666666666666669,2.7755575615628914e-17
Papalexi_IFNg_TNFA,Papalexi,23,diversity,0.1666666666666666,0.3333333333333333,-0.1666666666666667
Papalexi_IFNg_TNFA,Papalexi,24,diversity,0.0,0.16666666666666669,-0.16666666666666669
Papalexi_IFNg_TNFA,Papalexi,25,diversity,0.3333333333333333,0.3333333333333333,0.0
Papalexi_IFNg_TNFA,Papalexi,26,diversity,0.0,0.0,0.0
Papalexi_IFNg_TNFA,Papalexi,27,fixed_ridge,0.1666666666666667,0.1666666666666667,0.0
Papalexi_IFNg_TNFA,Papalexi,28,fixed_ridge,0.1666666666666667,0.0,0.1666666666666667
Papalexi_IFNg_TNFA,Papalexi,29,fixed_ridge,0.0,0.0,0.0
Tian_all_IFNG,Tian,0,diversity,0.09523809523809519,-0.04761904761904759,0.1428571428571428
Tian_all_IFNG,Tian,1,diversity,0.02380952380952378,-0.02380952380952378,0.04761904761904756
Tian_all_IFNG,Tian,2,diversity,0.119047619047619,0.0476190476190477,0.0714285714285713
Tian_all_IFNG,Tian,3,diversity,0.07142857142857151,0.0,0.07142857142857151
Tian_all_IFNG,Tian,4,diversity,-0.023809523809523808,-0.0476190476190477,0.02380952380952389
Tian_all_IFNG,Tian,5,old_controller,0.07142857142857148,-0.0714285714285714,0.14285714285714288
Tian_all_IFNG,Tian,6,linear_ucb,0.09523809523809532,0.07142857142857141,0.023809523809523905
Tian_all_IFNG,Tian,7,diversity,0.09523809523809532,0.0952380952380952,1.1102230246251565e-16
Tian_all_IFNG,Tian,8,diversity,0.0,-0.02380952380952378,0.02380952380952378
Tian_all_IFNG,Tian,9,extra_trees,0.0476190476190477,0.023809523809523808,0.02380952380952389
Tian_all_IFNG,Tian,10,old_controller,0.02380952380952378,0.11904761904761912,-0.09523809523809534
Tian_all_IFNG,Tian,11,greedy_ridge,0.0,0.07142857142857151,-0.07142857142857151
Tian_all_IFNG,Tian,12,gated_random,0.04761904761904756,0.07142857142857151,-0.023809523809523947
Tian_all_IFNG,Tian,13,gated_random,0.0,0.0,0.0
Tian_all_IFNG,Tian,14,fixed_ridge,0.1190476190476191,0.0,0.1190476190476191
Tian_all_IFNG,Tian,15,linear_ucb,0.0714285714285714,0.023809523809523808,0.04761904761904759
Tian_all_IFNG,Tian,16,diversity,0.04761904761904759,0.09523809523809529,-0.0476190476190477
Tian_all_IFNG,Tian,17,old_controller,0.16666666666666669,0.119047619047619,0.047619047619047686
Tian_all_IFNG,Tian,18,diversity,0.11904761904761907,0.09523809523809532,0.023809523809523753
Tian_all_IFNG,Tian,19,diversity,0.14285714285714288,-0.023809523809523808,0.16666666666666669
Tian_all_IFNG,Tian,20,fixed_ridge,0.04761904761904759,0.09523809523809532,-0.04761904761904773
Tian_all_IFNG,Tian,21,diversity,0.04761904761904756,0.07142857142857151,-0.023809523809523947
Tian_all_IFNG,Tian,22,extra_trees,0.0,0.023809523809523808,-0.023809523809523808
Tian_all_IFNG,Tian,23,gated_random,0.0,0.0,0.0
Tian_all_IFNG,Tian,24,fixed_ridge,-0.07142857142857151,0.023809523809523808,-0.09523809523809532
Tian_all_IFNG,Tian,25,linear_ucb,0.04761904761904759,-0.09523809523809519,0.1428571428571428
Tian_all_IFNG,Tian,26,extra_trees,0.04761904761904759,0.0,0.04761904761904759
Tian_all_IFNG,Tian,27,diversity,0.09523809523809532,0.1428571428571429,-0.04761904761904759
Tian_all_IFNG,Tian,28,diversity,0.14285714285714288,0.09523809523809529,0.04761904761904759
Tian_all_IFNG,Tian,29,diversity,0.07142857142857151,0.0,0.07142857142857151
Tian_all_IL2STAT5,Tian,0,diversity,0.09523809523809529,0.02380952380952378,0.07142857142857151
Tian_all_IL2STAT5,Tian,1,linear_ucb,0.02380952380952378,-0.1190476190476191,0.14285714285714288
Tian_all_IL2STAT5,Tian,2,fixed_ridge,0.1190476190476191,-0.047619047619047616,0.1666666666666667
Tian_all_IL2STAT5,Tian,3,diversity,0.0,0.0714285714285714,-0.0714285714285714
Tian_all_IL2STAT5,Tian,4,old_controller,0.1190476190476191,-0.04761904761904756,0.16666666666666666
Tian_all_IL2STAT5,Tian,5,diversity,0.0714285714285714,0.02380952380952378,0.047619047619047616
Tian_all_IL2STAT5,Tian,6,extra_trees,0.02380952380952378,0.047619047619047616,-0.023809523809523836
Tian_all_IL2STAT5,Tian,7,diversity,0.0714285714285714,0.11904761904761901,-0.047619047619047616
Tian_all_IL2STAT5,Tian,8,linear_ucb,0.09523809523809518,0.0,0.09523809523809518
Tian_all_IL2STAT5,Tian,9,fixed_ridge,0.02380952380952378,-0.02380952380952378,0.04761904761904756
Tian_all_IL2STAT5,Tian,10,diversity,0.047619047619047616,0.0,0.047619047619047616
Tian_all_IL2STAT5,Tian,11,extra_trees,0.02380952380952378,0.09523809523809523,-0.07142857142857145
Tian_all_IL2STAT5,Tian,12,gated_random,0.0,0.0,0.0
Tian_all_IL2STAT5,Tian,13,diversity,-0.09523809523809529,0.0714285714285714,-0.16666666666666669
Tian_all_IL2STAT5,Tian,14,extra_trees,0.19047619047619047,0.023809523809523836,0.16666666666666663
Tian_all_IL2STAT5,Tian,15,fixed_ridge,0.09523809523809518,-0.09523809523809518,0.19047619047619035
Tian_all_IL2STAT5,Tian,16,extra_trees,0.07142857142857151,0.1666666666666667,-0.0952380952380952
Tian_all_IL2STAT5,Tian,17,greedy_ridge,0.1666666666666667,0.04761904761904756,0.11904761904761915
Tian_all_IL2STAT5,Tian,18,gated_random,0.0,0.0,0.0
Tian_all_IL2STAT5,Tian,19,diversity,0.0714285714285714,0.1428571428571429,-0.07142857142857151
Tian_all_IL2STAT5,Tian,20,diversity,0.0476190476190477,0.1428571428571428,-0.0952380952380951
Tian_all_IL2STAT5,Tian,21,greedy_ridge,0.047619047619047616,-0.02380952380952378,0.0714285714285714
Tian_all_IL2STAT5,Tian,22,linear_ucb,0.02380952380952378,0.0714285714285714,-0.047619047619047616
Tian_all_IL2STAT5,Tian,23,diversity,0.0714285714285714,0.023809523809523836,0.04761904761904756
Tian_all_IL2STAT5,Tian,24,linear_ucb,0.047619047619047616,-0.0714285714285714,0.11904761904761901
Tian_all_IL2STAT5,Tian,25,old_controller,0.09523809523809518,0.1190476190476191,-0.02380952380952392
Tian_all_IL2STAT5,Tian,26,greedy_ridge,0.047619047619047616,0.0,0.047619047619047616
Tian_all_IL2STAT5,Tian,27,extra_trees,0.1190476190476191,0.04761904761904773,0.07142857142857137
Tian_all_IL2STAT5,Tian,28,diversity,0.023809523809523836,0.04761904761904756,-0.023809523809523725
Tian_all_IL2STAT5,Tian,29,greedy_ridge,0.11904761904761912,-0.023809523809523836,0.14285714285714296
Tian_all_TNFA,Tian,0,diversity,0.02380952380952378,-0.02380952380952378,0.04761904761904756
Tian_all_TNFA,Tian,1,linear_ucb,0.02380952380952378,-0.0714285714285714,0.09523809523809518
Tian_all_TNFA,Tian,2,linear_ucb,0.1428571428571428,0.0,0.1428571428571428
Tian_all_TNFA,Tian,3,gated_random,0.02380952380952392,-0.19047619047619047,0.21428571428571438
Tian_all_TNFA,Tian,4,old_controller,0.0714285714285714,0.023809523809523836,0.04761904761904756
Tian_all_TNFA,Tian,5,extra_trees,0.04761904761904759,0.0,0.04761904761904759
Tian_all_TNFA,Tian,6,gated_random,0.0,0.0,0.0
Tian_all_TNFA,Tian,7,linear_ucb,0.04761904761904759,-0.047619047619047616,0.0952380952380952
Tian_all_TNFA,Tian,8,greedy_ridge,0.0952380952380952,0.023809523809523836,0.07142857142857137
Tian_all_TNFA,Tian,9,diversity,0.0714285714285714,0.02380952380952389,0.047619047619047505
Tian_all_TNFA,Tian,10,diversity,0.09523809523809519,0.023809523809523836,0.07142857142857136
Tian_all_TNFA,Tian,11,old_controller,0.11904761904761899,0.11904761904761901,-2.7755575615628914e-17
Tian_all_TNFA,Tian,12,greedy_ridge,0.0952380952380952,0.0714285714285714,0.023809523809523808
Tian_all_TNFA,Tian,13,diversity,0.04761904761904773,0.0714285714285714,-0.02380952380952367
Tian_all_TNFA,Tian,14,diversity,0.1428571428571428,-0.047619047619047616,0.1904761904761904
Tian_all_TNFA,Tian,15,linear_ucb,0.0952380952380952,0.19047619047619052,-0.09523809523809532
Tian_all_TNFA,Tian,16,diversity,-0.0476190476190477,0.11904761904761912,-0.16666666666666682
Tian_all_TNFA,Tian,17,diversity,0.09523809523809519,-0.02380952380952378,0.11904761904761897
Tian_all_TNFA,Tian,18,diversity,0.119047619047619,0.02380952380952378,0.09523809523809522
Tian_all_TNFA,Tian,19,diversity,0.04761904761904759,-0.04761904761904767,0.09523809523809526
Tian_all_TNFA,Tian,20,extra_trees,0.1428571428571429,0.023809523809523725,0.11904761904761918
Tian_all_TNFA,Tian,21,gated_random,0.0,0.0,0.0
Tian_all_TNFA,Tian,22,linear_ucb,0.07142857142857151,0.11904761904761907,-0.04761904761904756
Tian_all_TNFA,Tian,23,diversity,0.0,0.0714285714285714,-0.0714285714285714
Tian_all_TNFA,Tian,24,diversity,0.09523809523809532,0.0,0.09523809523809532
Tian_all_TNFA,Tian,25,diversity,0.0714285714285714,0.047619047619047616,0.02380952380952378
Tian_all_TNFA,Tian,26,fixed_ridge,0.04761904761904759,0.07142857142857148,-0.02380952380952389
Tian_all_TNFA,Tian,27,linear_ucb,0.0714285714285714,0.09523809523809529,-0.02380952380952389
Tian_all_TNFA,Tian,28,diversity,0.0,0.09523809523809518,-0.09523809523809518
Tian_all_TNFA,Tian,29,fixed_ridge,0.11904761904761901,-0.11904761904761901,0.23809523809523803
