study,choices,precision_a,precision_b,gap
Frangieh,1,0.3222266241982634,0.23187647318333646,0.09035015101492697
Frangieh,2,0.35124791388243837,0.23461439670250406,0.11663351717993428
Frangieh,4,0.374433198182111,0.23808275305571577,0.13635044512639521
Frangieh,7,0.390220793680805,0.24007750429720554,0.15014328938359947
Papalexi,1,0.28955555555555557,0.29118518518518516,-0.0016296296296296308
Papalexi,2,0.3356296296296296,0.33044444444444443,0.005185185185185186
Papalexi,4,0.3781481481481481,0.365962962962963,0.012185185185185188
Papalexi,7,0.39259259259259255,0.3784074074074074,0.014185185185185188
Tian,1,0.2333439153439153,0.31830158730158725,-0.08495767195767195
Tian,2,0.25703174603174594,0.3214338624338624,-0.0644021164021164
Tian,4,0.2766455026455026,0.3235238095238095,-0.04687830687830688
Tian,7,0.28862433862433856,0.32549735449735445,-0.036873015873015884
