analysis,study,effect,ci_low,ci_high
continuous_scaled,Frangieh,0.09491725065488388,0.08360954637783877,0.10627711024700426
continuous_scaled,Papalexi,-0.07028367230796978,-0.08787298704578538,-0.053914635174713704
continuous_scaled,Tian,0.11342827611735998,0.09032045544258568,0.13617765375356558
q60,Frangieh,0.0614671454327344,0.05526140164045251,0.06710229118759087
q60,Papalexi,0.01855555555555556,0.0035175925925925943,0.03403796296296296
q60,Tian,0.055904761904761915,0.04537010582010581,0.06673029100529103
q75,Frangieh,0.0597931383686725,0.0530646626417566,0.06644845588785842
q75,Papalexi,0.01581481481481482,0.0008148148148148168,0.030038888888888872
q75,Tian,0.04808465608465608,0.039454894179894166,0.05715370370370369
q80,Frangieh,0.0467258735676206,0.042077087612358934,0.05185818257427258
q80,Papalexi,0.008111111111111114,0.0034064814814814834,0.0134824074074074
q80,Tian,0.04351851851851851,0.034423015873015876,0.05270912698412696
third_panel_C,Papalexi,0.018592592592592598,0.007370370370370376,0.030074999999999994
without_diversity,Frangieh,0.05925048224046144,0.05277002053393621,0.06604635781191842
without_diversity,Papalexi,0.014555555555555561,-0.000814814814814813,0.029185185185185192
without_diversity,Tian,0.05264021164021164,0.04323796296296295,0.06229669312169312
without_extra_trees,Frangieh,0.05405735820029637,0.048378873989395825,0.05983506603233394
without_extra_trees,Papalexi,0.018111111111111116,0.00366666666666667,0.03285277777777777
without_extra_trees,Tian,0.046232804232804216,0.03835965608465609,0.05423280423280425
without_fixed_ridge,Frangieh,0.05358260734664592,0.04734033515240738,0.05996825387206367
without_fixed_ridge,Papalexi,0.0162962962962963,0.0023333333333333327,0.029888888888888895
without_fixed_ridge,Tian,0.04477248677248677,0.036268650793650783,0.053756613756613746
without_gated_random,Frangieh,0.05132605380516138,0.045645965367027946,0.05674194724415938
without_gated_random,Papalexi,0.015037037037037038,0.001777777777777779,0.02788888888888889
without_gated_random,Tian,0.03996296296296296,0.030925793650793645,0.04948690476190475
without_greedy_ridge,Frangieh,0.05843545950068922,0.05197604004225293,0.06490267027357215
without_greedy_ridge,Papalexi,0.016592592592592596,0.0027407407407407454,0.030371296296296292
without_greedy_ridge,Tian,0.043724867724867715,0.03551838624338624,0.05212169312169311
without_linear_ucb,Frangieh,0.05761297624107228,0.0512459836816615,0.06397806108899888
without_linear_ucb,Papalexi,0.016592592592592593,0.0014814814814814827,0.031296296296296294
without_linear_ucb,Tian,0.04335449735449736,0.03558716931216931,0.05143399470899471
without_old_controller,Frangieh,0.06015382137522429,0.05318049136007162,0.06697008700528269
without_old_controller,Papalexi,0.013259259259259266,-0.0022592592592592564,0.02818518518518519
without_old_controller,Tian,0.04877248677248678,0.040560582010582005,0.057238095238095234
