quantile,study,policy,inflation
0.6,Frangieh,diversity,0.02607492085654309
0.6,Frangieh,extra_trees,0.004595195425220006
0.6,Frangieh,fixed_ridge,0.005864830463053188
0.6,Frangieh,gated_random,0.004508039316131585
0.6,Frangieh,greedy_ridge,0.005844576633005446
0.6,Frangieh,linear_ucb,0.009129844826573887
0.6,Frangieh,old_controller,0.02645979749401946
0.6,Frangieh,random,0.0
0.6,Papalexi,diversity,-0.04444444444444443
0.6,Papalexi,extra_trees,0.035185185185185194
0.6,Papalexi,fixed_ridge,0.04074074074074075
0.6,Papalexi,gated_random,0.0
0.6,Papalexi,greedy_ridge,0.04074074074074075
0.6,Papalexi,linear_ucb,0.01481481481481482
0.6,Papalexi,old_controller,-0.04444444444444443
0.6,Papalexi,random,0.0
0.6,Tian,diversity,-0.020899470899470897
0.6,Tian,extra_trees,-0.019576719576719567
0.6,Tian,fixed_ridge,-0.014285714285714289
0.6,Tian,gated_random,-0.006878306878306876
0.6,Tian,greedy_ridge,-0.02962962962962964
0.6,Tian,linear_ucb,-0.016402116402116404
0.6,Tian,old_controller,-0.01746031746031746
0.6,Tian,random,0.0
0.8,Frangieh,diversity,-0.002756513949556113
0.8,Frangieh,extra_trees,-0.009318862618163053
0.8,Frangieh,fixed_ridge,-0.0058987125351277385
0.8,Frangieh,gated_random,0.00013849094960836412
0.8,Frangieh,greedy_ridge,-0.005314260258484116
0.8,Frangieh,linear_ucb,-0.006309498992425819
0.8,Frangieh,old_controller,-0.001583946469558117
0.8,Frangieh,random,0.0
0.8,Papalexi,diversity,-0.0018518518518518537
0.8,Papalexi,extra_trees,-0.0037037037037037073
0.8,Papalexi,fixed_ridge,0.009259259259259255
0.8,Papalexi,gated_random,0.0
0.8,Papalexi,greedy_ridge,0.009259259259259255
0.8,Papalexi,linear_ucb,0.0037037037037037004
0.8,Papalexi,old_controller,-0.0018518518518518537
0.8,Papalexi,random,0.0
0.8,Tian,diversity,0.0007936507936507933
0.8,Tian,extra_trees,-0.01746031746031746
0.8,Tian,fixed_ridge,-0.007671957671957673
0.8,Tian,gated_random,-0.005820105820105829
0.8,Tian,greedy_ridge,-0.014285714285714277
0.8,Tian,linear_ucb,-0.007671957671957672
0.8,Tian,old_controller,-0.004497354497354496
0.8,Tian,random,0.0
