condition,side,target,n_cells
NoStim,A,ARID1A,112
NoStim,A,BTLA,310
NoStim,A,C10orf54,213
NoStim,A,CBLB,279
NoStim,A,CD3D,203
NoStim,A,CD5,197
NoStim,A,CDKN1B,139
NoStim,A,DGKA,454
NoStim,A,DGKZ,222
NoStim,A,HAVCR2,347
NoStim,A,LAG3,188
NoStim,A,LCP2,247
NoStim,A,MEF2D,233
NoStim,A,PDCD1,348
NoStim,A,RASA2,161
NoStim,A,SOCS1,182
NoStim,A,STAT6,131
NoStim,A,TCEB2,185
NoStim,A,TMEM222,342
NoStim,A,TNFRSF9,190
NoStim,A,control,6422
NoStim,B,ARID1A,134
NoStim,B,BTLA,278
NoStim,B,C10orf54,236
NoStim,B,CBLB,223
NoStim,B,CD3D,239
NoStim,B,CD5,191
NoStim,B,CDKN1B,155
NoStim,B,DGKA,504
NoStim,B,DGKZ,234
NoStim,B,HAVCR2,273
NoStim,B,LAG3,150
NoStim,B,LCP2,263
NoStim,B,MEF2D,221
NoStim,B,PDCD1,275
NoStim,B,RASA2,176
NoStim,B,SOCS1,165
NoStim,B,STAT6,109
NoStim,B,TCEB2,173
NoStim,B,TMEM222,294
NoStim,B,TNFRSF9,154
NoStim,B,control,7039
Stim,A,ARID1A,168
Stim,A,BTLA,369
Stim,A,C10orf54,319
Stim,A,CBLB,406
Stim,A,CD3D,185
Stim,A,CD5,311
Stim,A,CDKN1B,166
Stim,A,DGKA,633
Stim,A,DGKZ,270
Stim,A,HAVCR2,376
Stim,A,LAG3,235
Stim,A,LCP2,251
Stim,A,MEF2D,276
Stim,A,PDCD1,448
Stim,A,RASA2,271
Stim,A,SOCS1,227
Stim,A,STAT6,158
Stim,A,TCEB2,255
Stim,A,TMEM222,419
Stim,A,TNFRSF9,255
Stim,A,control,9831
Stim,B,ARID1A,211
Stim,B,BTLA,455
Stim,B,C10orf54,290
Stim,B,CBLB,419
Stim,B,CD3D,229
Stim,B,CD5,381
Stim,B,CDKN1B,289
Stim,B,DGKA,705
Stim,B,DGKZ,294
Stim,B,HAVCR2,359
Stim,B,LAG3,267
Stim,B,LCP2,220
Stim,B,MEF2D,296
Stim,B,PDCD1,413
Stim,B,RASA2,297
Stim,B,SOCS1,261
Stim,B,STAT6,174
Stim,B,TCEB2,316
Stim,B,TMEM222,371
Stim,B,TNFRSF9,178
Stim,B,control,7391
