kind,study,apparent_gain,replicated_gain,inflation,ci_low,ci_high,p,holm_p
per_seed_optimistic,Frangieh,0.055955353232721335,-0.01001174829875907,0.06596710153148042,0.05548184588882262,0.07713474695371082,1.6445280615589726e-12,4.9335841846769174e-12
per_seed_optimistic,Papalexi,0.14444444444444443,0.12962962962962962,0.01481481481481482,-0.018518518518518504,0.05,0.4082743945175743,0.4082743945175743
per_seed_optimistic,Tian,0.06216931216931214,0.026984126984126992,0.03518518518518516,0.013756613756613726,0.05608465608465606,0.0037002353503377294,0.007400470700675459
task_wide,Frangieh,0.022621104167710324,-0.011121884424966288,0.03374298859267662,0.025341554449136213,0.041986102155793945,1.426437191706062e-08,4.2793115751181864e-08
task_wide,Papalexi,0.08703703703703705,0.10370370370370371,-0.016666666666666666,-0.05555555555555555,0.02407407407407407,0.42636806216207046,0.8527361243241409
task_wide,Tian,0.031481481481481464,0.03359788359788359,-0.0021164021164021252,-0.025396825396825397,0.021164021164021142,0.859434469344579,0.859434469344579
seed_holdout,Frangieh,0.01644934199292301,-0.013119202947147739,0.02956854494007075,0.01874464768301033,0.040638534312196606,0.00015725083251988425,0.00047175249755965275
seed_holdout,Papalexi,0.06666666666666665,0.1259259259259259,-0.059259259259259255,-0.1037037037037037,-0.014814814814814796,0.02660758019758413,0.05321516039516826
seed_holdout,Tian,0.0312169312169312,0.05396825396825396,-0.02275132275132276,-0.056613756613756595,0.011111111111111117,0.21893690478531014,0.21893690478531014
